,tweet_ids,tweet_encodings
0,20121023_third_presidential_debate_0959,"[ 0.02502613  0.03652735  0.00770688 ...  0.04390252  0.00062101
 -0.01239298]"
1,20121023_third_presidential_debate_0985,"[ 0.01715451  0.03824264 -0.04467492 ...  0.01276143 -0.01121997
 -0.01617477]"
2,20121023_third_presidential_debate_0753,"[ 0.0329421   0.04691906 -0.03531384 ...  0.03301086 -0.03209299
  0.01074501]"
3,20121023_third_presidential_debate_0473,"[ 0.00238533 -0.04123211 -0.02867701 ... -0.03684364 -0.00760096
  0.00357292]"
4,20121023_third_presidential_debate_0609,"[ 0.01127107  0.03081464  0.01595723 ... -0.02916941 -0.03512028
  0.03426363]"
5,20121023_third_presidential_debate_0088,"[ 0.01464158 -0.00954409 -0.05952797 ... -0.02411417  0.00456961
  0.04360437]"
6,20121023_third_presidential_debate_0459,"[ 0.0138675   0.03002411 -0.03378939 ...  0.05570048 -0.0202443
 -0.01458625]"
7,20121023_third_presidential_debate_0605,"[-0.04161786 -0.02618239 -0.01363345 ...  0.03064911 -0.03532804
 -0.05203244]"
8,20121023_third_presidential_debate_0684,"[ 0.01772382  0.01768243 -0.04154093 ...  0.03037137  0.01475437
 -0.00629888]"
9,20121023_third_presidential_debate_0884,"[ 0.02299781 -0.01063608 -0.00326321 ... -0.01848392 -0.03698328
  0.04352459]"
10,20150805_GOP_cleveland_0767,"[ 0.04380087  0.03344076 -0.03216998 ...  0.00729205 -0.03919599
 -0.02491101]"
11,20150805_GOP_cleveland_0595,"[-0.04231346  0.0487593   0.02028846 ... -0.01581165  0.00799868
  0.01956627]"
12,20151013_democrats_las_vegas_0097,"[ 0.01563112  0.02465178 -0.01074979 ...  0.00434043  0.01936573
  0.03059132]"
13,20151013_democrats_las_vegas_0098,"[ 0.01524959  0.03471957 -0.04677855 ... -0.00586902 -0.02965309
  0.01571998]"
14,20151013_democrats_las_vegas_0146,"[ 0.03887108  0.00874054 -0.01053236 ... -0.04868695  0.00824445
 -0.03138062]"
15,20151013_democrats_las_vegas_0146,"[ 0.03887108  0.00874054 -0.01053236 ... -0.04868695  0.00824445
 -0.03138062]"
16,20151013_democrats_las_vegas_0305,"[-0.03206979  0.05975996 -0.04367486 ... -0.00498935  0.02909226
  0.00145228]"
17,20151013_democrats_las_vegas_0096,"[ 0.04072702 -0.00395859 -0.03520304 ...  0.0394843   0.04057746
  0.01549544]"
18,20151013_democrats_las_vegas_0962,"[-0.01186487  0.03209779  0.03122631 ... -0.05416172 -0.05104768
  0.01476051]"
19,20151013_democrats_las_vegas_0182,"[ 0.02406079  0.00302971 -0.03174862 ... -0.04380144  0.00795942
  0.05416131]"
20,20151013_democrats_las_vegas_1475,"[ 0.0095885   0.01177203 -0.04677905 ...  0.00251433  0.01835756
 -0.05092042]"
21,20151013_democrats_las_vegas_1227,"[-0.0213261   0.00175851  0.00153599 ...  0.00708416 -0.01057806
 -0.05840056]"
22,20151013_democrats_las_vegas_1228,"[-0.03386758  0.01100102  0.00449145 ... -0.02552869 -0.01580783
 -0.0536943 ]"
23,20151028_GOP_boulder_0923,"[-0.01843649  0.01931259 -0.00943105 ... -0.00856711 -0.01399378
 -0.02042042]"
24,20151028_GOP_boulder_0923,"[-0.01843649  0.01931259 -0.00943105 ... -0.00856711 -0.01399378
 -0.02042042]"
25,20151028_GOP_boulder_0115,"[ 0.01374927  0.00135428 -0.02941199 ...  0.00830287 -0.0580362
 -0.03097736]"
26,20151028_GOP_boulder_0367,"[ 0.04061019 -0.00068981 -0.0458344  ...  0.06176271 -0.04595847
 -0.01840355]"
27,20151028_GOP_boulder_0842,"[ 0.02217405  0.01172502 -0.01039775 ... -0.01943624 -0.01729451
 -0.04750373]"
28,20151028_GOP_boulder_0949,"[ 0.06530565  0.0039306  -0.02279864 ... -0.00250164 -0.00196991
 -0.01595619]"
29,20151028_GOP_boulder_0950,"[ 0.04791359 -0.00542838  0.00510235 ...  0.02464751 -0.03437803
 -0.04300036]"
30,20151028_GOP_boulder_0958,"[ 0.06301384  0.02113887  0.01642402 ... -0.03678317  0.00566952
  0.00981395]"
31,20151028_GOP_boulder_0744,"[-0.00091366  0.03738438 -0.05390074 ...  0.04942264 -0.04257119
  0.02090337]"
32,20151028_GOP_boulder_0916,"[ 0.04438869  0.05028316 -0.02037813 ...  0.01534452 -0.0257382
 -0.04206732]"
33,20151028_GOP_boulder_1032,"[ 0.02783732 -0.0172921   0.00250981 ... -0.05280608 -0.00426137
 -0.02187728]"
34,20151028_GOP_boulder_1435,"[-0.00632164  0.03132602  0.0199333  ... -0.02600497 -0.04406048
 -0.0114029 ]"
35,20151110_GOP_milwuakee_0389,"[ 0.05280756 -0.00073412 -0.03802065 ...  0.03131191  0.03399592
  0.04779083]"
36,20151110_GOP_milwuakee_0275,"[-0.00463713  0.00356477 -0.04516352 ...  0.03658647  0.00186776
 -0.01243714]"
37,20151110_GOP_milwuakee_0888,"[ 0.02575194  0.01259624 -0.05860052 ... -0.00629691 -0.01987295
  0.02767644]"
38,20151110_GOP_milwuakee_0875,"[ 0.0379029   0.01802606 -0.05839007 ...  0.01469412 -0.03393102
  0.03820598]"
39,20151110_GOP_milwuakee_0656,"[ 0.00251123  0.01412148 -0.04033718 ...  0.03365192 -0.03907379
  0.00171914]"
40,20151110_GOP_milwuakee_0566,"[-0.01278343  0.0247863  -0.0032987  ... -0.02229306  0.03471829
  0.01601445]"
41,20151110_GOP_milwuakee_0567,"[ 0.04011109 -0.03010838  0.00992575 ... -0.016264   -0.03244524
  0.02118593]"
42,20151110_GOP_milwuakee_0568,"[ 0.05519934  0.01228317 -0.02706421 ... -0.03224818  0.01057587
  0.05075748]"
43,20151110_GOP_milwuakee_0313,"[-0.01534899  0.00388053  0.01398742 ... -0.01408842 -0.00106564
 -0.04506708]"
44,20160112_Obama_state_of_the_union_0013,"[-0.01155819 -0.03952624  0.0259377  ...  0.01461769 -0.02712171
  0.03498894]"
45,20160112_Obama_state_of_the_union_0076,"[ 0.05186062  0.03268251 -0.03467367 ...  0.03328719  0.0342841
  0.01466107]"
46,20160112_Obama_state_of_the_union_0145,"[ 0.06833584  0.04939812  0.02942583 ...  0.04725954  0.03862181
 -0.02252752]"
47,20160112_Obama_state_of_the_union_0071,"[-0.00318696  0.03666614 -0.04762413 ... -0.03267087 -0.04022424
 -0.01591267]"
48,20160112_Obama_state_of_the_union_0072,"[ 0.04698732  0.02511969 -0.0450762  ... -0.00750007 -0.0331419
  0.03921022]"
49,20160112_Obama_state_of_the_union_0073,"[ 0.01961202  0.0194017  -0.05514972 ... -0.02885879  0.02122991
  0.02562698]"
50,20160115_GOP_charlston_0192,"[-0.00509279 -0.01328528 -0.01103741 ...  0.00614991 -0.03840454
  0.02600261]"
51,20160115_GOP_charlston_0192,"[-0.00509279 -0.01328528 -0.01103741 ...  0.00614991 -0.03840454
  0.02600261]"
52,20160115_GOP_charlston_0195,"[-0.00474478 -0.03232848 -0.00488742 ...  0.00586116 -0.02936939
  0.03114797]"
53,20160115_GOP_charlston_0196,"[-0.01413576 -0.00134442 -0.00733569 ... -0.02239601  0.00769526
  0.01784569]"
54,20160115_GOP_charlston_0197,"[ 0.04100461  0.02546667  0.01200782 ... -0.01238571  0.02677419
  0.03304053]"
55,20160115_GOP_charlston_0195,"[-0.00474478 -0.03232848 -0.00488742 ...  0.00586116 -0.02936939
  0.03114797]"
56,20160115_GOP_charlston_0196,"[-0.01413576 -0.00134442 -0.00733569 ... -0.02239601  0.00769526
  0.01784569]"
57,20160115_GOP_charlston_0197,"[ 0.04100461  0.02546667  0.01200782 ... -0.01238571  0.02677419
  0.03304053]"
58,20160115_GOP_charlston_0473,"[ 0.00239319 -0.02923718 -0.00606726 ... -0.02714067 -0.01884762
 -0.03396847]"
59,20160115_GOP_charlston_0138,"[-0.01102125 -0.0245325   0.00266685 ... -0.01305763  0.04349082
 -0.00514222]"
60,20160115_GOP_charlston_0139,"[-0.03786086  0.01660991  0.02751301 ...  0.03894717  0.04634951
 -0.05463533]"
61,20160115_GOP_charlston_0740,"[ 0.04137963 -0.00133331  0.03043156 ...  0.03614456  0.01515661
 -0.0209803 ]"
62,20160115_GOP_charlston_0047,"[ 0.00460926  0.03820689 -0.04708198 ...  0.03276847 -0.03328
  0.02554587]"
63,20160115_GOP_charlston_0048,"[-0.02332761  0.04443846 -0.03587519 ...  0.00984507 -0.04237327
 -0.02459275]"
64,20160115_GOP_charlston_0049,"[ 0.02811451  0.02218909 -0.04446991 ... -0.0144675  -0.02399608
 -0.03693197]"
65,20160115_GOP_charlston_1591,"[ 0.04669561  0.05963004 -0.02922847 ...  0.0432319   0.01797228
  0.00555093]"
66,20160115_GOP_charlston_1616,"[ 0.03486193  0.05167666 -0.02749898 ...  0.02708969 -0.02543374
  0.02529698]"
67,20160115_GOP_charlston_1579,"[ 0.01339579  0.01715662 -0.06035088 ...  0.01579048  0.01220574
  0.00382005]"
68,20160115_GOP_charlston_1579,"[ 0.01339579  0.01715662 -0.06035088 ...  0.01579048  0.01220574
  0.00382005]"
69,20160117_democrats_charlston_0413,"[ 0.03296005  0.04318541 -0.02104531 ...  0.05814392 -0.0185391
  0.03292181]"
70,20160117_democrats_charlston_0414,"[-0.0118316   0.03750164 -0.02505372 ...  0.04746686 -0.00078462
  0.03324767]"
71,20160117_democrats_charlston_0129,"[-0.00063695  0.03372721 -0.04604441 ...  0.01937122 -0.02816395
  0.0413904 ]"
72,20160117_democrats_charlston_0122,"[-0.01367867 -0.04497948 -0.01636889 ...  0.03118729 -0.02535722
 -0.04068516]"
73,20160117_democrats_charlston_0994,"[ 0.0069377   0.04293214 -0.05685373 ...  0.02410967 -0.01761162
  0.00238956]"
74,20160117_democrats_charlston_0995,"[ 0.04440807 -0.00566498 -0.04810832 ...  0.04726333  0.01225781
  0.03305627]"
75,20160204_democrats_new_hampshire_0623,"[-0.00347786  0.04366367  0.01423975 ...  0.00483884 -0.02699202
  0.02947243]"
76,20160204_democrats_new_hampshire_0024,"[ 0.01021963  0.03643579  0.00358601 ... -0.01001952  0.01211596
  0.00612622]"
77,20160204_democrats_new_hampshire_1062,"[-0.01257941  0.00248428  0.01663017 ...  0.00812225 -0.01094662
  0.02040396]"
78,20160204_democrats_new_hampshire_1032,"[ 0.04035484 -0.01338081 -0.01934391 ... -0.02952204 -0.03953231
  0.01311074]"
79,20160204_democrats_new_hampshire_1032,"[ 0.04035484 -0.01338081 -0.01934391 ... -0.02952204 -0.03953231
  0.01311074]"
80,20160211_democrats_milwuakee_0052,"[ 0.0068181   0.03641057 -0.03716785 ...  0.02610315 -0.01736329
 -0.03840912]"
81,20160211_democrats_milwuakee_0097,"[ 0.03250178  0.04741566  0.03430765 ...  0.05677993 -0.02028482
  0.00199321]"
82,20160211_democrats_milwuakee_0332,"[-0.00427528 -0.02960899  0.00298512 ... -0.02783346 -0.0115012
 -0.00159276]"
83,20160211_democrats_milwuakee_0909,"[-0.005066   -0.00195723  0.02565633 ...  0.04437948 -0.02040613
 -0.05366695]"
84,20160213_GOP_greenville_0210,"[ 0.04078246  0.02616079 -0.03481924 ...  0.04393402 -0.00072386
  0.01010162]"
85,20160213_GOP_greenville_0210,"[ 0.04078246  0.02616079 -0.03481924 ...  0.04393402 -0.00072386
  0.01010162]"
86,20160213_GOP_greenville_0212,"[ 0.02648378  0.04029714 -0.01974805 ...  0.03248252 -0.01045812
 -0.01560043]"
87,20160213_GOP_greenville_0216,"[ 0.03313167 -0.01963544  0.02884528 ... -0.00397997 -0.04141225
  0.05196264]"
88,20160213_GOP_greenville_1002,"[ 0.02588232 -0.05051252 -0.00253519 ...  0.03181495  0.00782547
  0.00574432]"
89,20160213_GOP_greenville_1528,"[ 0.03996996  0.03540656 -0.02512767 ... -0.02853509  0.01353093
 -0.00588121]"
90,20160225_GOP_texas_1801,"[ 0.04719175 -0.0532862  -0.03223236 ... -0.02545473 -0.0053815
  0.03547048]"
91,20160225_GOP_texas_1172,"[-0.04073908  0.05137838 -0.00304789 ... -0.03815662 -0.01115894
 -0.03874831]"
92,20160225_GOP_texas_1173,"[-0.02729569  0.01513074  0.02788711 ... -0.02017742  0.01803404
  0.01855245]"
93,20160225_GOP_texas_0120,"[ 0.02158422 -0.00629932 -0.01260777 ...  0.03474132 -0.01947912
 -0.00150637]"
94,20160225_GOP_texas_0121,"[-0.02723426  0.05511963 -0.03836534 ... -0.03607166  0.04422996
 -0.04394237]"
95,20160225_GOP_texas_0962,"[ 0.04145149  0.02312962  0.01876162 ... -0.00337467 -0.00634498
  0.00548171]"
96,20160225_GOP_texas_0963,"[ 0.00521772 -0.0234461   0.00564528 ... -0.01608088 -0.0328852
 -0.02504653]"
97,20160225_GOP_texas_0964,"[ 0.04248272  0.01245635 -0.00175928 ...  0.02027191  0.0050428
 -0.01200263]"
98,20160303_GOP_michigan_0237,"[ 0.01214879  0.01474288  0.00048978 ... -0.00652412  0.04576407
  0.02308339]"
99,20160303_GOP_michigan_0418,"[ 0.00083237  0.0456261   0.00528312 ...  0.04015346  0.01732175
 -0.02297467]"
100,20160303_GOP_michigan_1158,"[ 0.02456906 -0.02622577 -0.01600702 ... -0.02744659 -0.05962895
  0.00455919]"
101,20160303_GOP_michigan_0574,"[-0.03148284  0.00592853 -0.02978241 ... -0.00837376 -0.01031256
 -0.02978531]"
102,20160303_GOP_michigan_0575,"[ 0.00322642 -0.02218503  0.03179563 ...  0.00339127 -0.01759327
 -0.02187987]"
103,20160303_GOP_michigan_0940,"[-0.01069435 -0.02575436 -0.01443692 ...  0.04862471 -0.01652602
  0.03644699]"
104,20160303_GOP_michigan_0940,"[-0.01069435 -0.02575436 -0.01443692 ...  0.04862471 -0.01652602
  0.03644699]"
105,20160309_democrats_miami_0110,"[ 0.01939228 -0.02428616 -0.00114107 ... -0.04049889 -0.03471434
 -0.01460507]"
106,20160309_democrats_miami_0241,"[-0.03426076  0.02744496 -0.060558   ...  0.02359106 -0.00847026
 -0.03733797]"
107,20160309_democrats_miami_0245,"[ 0.04426933 -0.00861792 -0.05212857 ...  0.04058508  0.03296511
 -0.02155423]"
108,20160309_democrats_miami_0778,"[ 0.03598089  0.01547698 -0.04839725 ... -0.00363428 -0.03949585
 -0.02156806]"
109,20160309_democrats_miami_0784,"[ 0.01114109  0.03116824 -0.0324582  ...  0.00633546  0.01998789
  0.01954892]"
110,20160309_democrats_miami_0784,"[ 0.01114109  0.03116824 -0.0324582  ...  0.00633546  0.01998789
  0.01954892]"
111,20160309_democrats_miami_0939,"[ 0.00040413  0.05553546 -0.02818677 ...  0.02694751 -0.01583935
 -0.04684043]"
112,20160311_GOP_miami_0844,"[-0.04312123  0.03780762 -0.03915578 ... -0.02512573 -0.05337989
 -0.00497439]"
113,20160311_GOP_miami_0149,"[ 0.03067341  0.05218617 -0.05469478 ...  0.00220804  0.00708306
  0.02779733]"
114,20160329_kasich_milwuakee_0029,"[ 0.02718382  0.02642959 -0.0226862  ... -0.04425473  0.00155991
  0.04971894]"
115,20160329_kasich_milwuakee_0259,"[-0.004103    0.02371048 -0.01960867 ... -0.02778292 -0.01920248
 -0.01360763]"
116,20160331_Cruz_Miluakee_0100,"[-0.05717768  0.03175383 -0.00066923 ...  0.03153644 -0.04328809
 -0.05344941]"
117,20160331_Cruz_Miluakee_0173,"[ 0.00300076  0.00325123 -0.00824435 ...  0.00235777 -0.05483865
 -0.02798709]"
118,20160401_Trump_Milwaukee_0653,"[-0.02099046 -0.03425714 -0.00412365 ... -0.0161643   0.03629287
 -0.02889473]"
119,20160401_Trump_Milwaukee_0334,"[-0.00168578 -0.00060053  0.03882553 ... -0.03693027 -0.03916156
  0.01199443]"
120,20160401_Trump_Milwaukee_0812,"[ 0.02436384  0.0334453   0.04192324 ...  0.01368746  0.0114715
 -0.04913138]"
121,20160401_Trump_Milwaukee_0052,"[ 0.01644368 -0.02837935  0.02436362 ...  0.02429654 -0.0321883
  0.03057008]"
122,20160404_Hillary_meet_the_press_0153,"[ 0.01022762  0.04411221 -0.00156996 ...  0.03321413  0.00486075
  0.00938948]"
123,20160404_Hillary_meet_the_press_0174,"[ 0.04065166 -0.0360405   0.04258723 ... -0.0169301   0.0112293
  0.00784126]"
124,20160415_NY_democratic_debate_0541,"[-0.01545968  0.00288897  0.00447019 ... -0.01598543 -0.02425004
  0.00777957]"
125,20160415_NY_democratic_debate_0300,"[ 0.01404946  0.01442169 -0.0338769  ...  0.01353143  0.03899913
 -0.01320473]"
126,20160415_NY_democratic_debate_0557,"[ 0.00980993  0.0515888  -0.03586788 ... -0.0065915   0.01146151
  0.00684909]"
127,20160415_NY_democratic_debate_1183,"[ 0.0453996   0.03691689  0.00285798 ...  0.02315538  0.0229795
 -0.04407145]"
128,20160415_NY_democratic_debate_0433,"[ 0.0019151   0.01888591  0.03207206 ... -0.00232366  0.01761281
  0.00599804]"
129,20160415_NY_democratic_debate_0434,"[ 0.00762259  0.02606625  0.00475035 ...  0.00206404 -0.00057302
 -0.02065655]"
130,20160415_NY_democratic_debate_1295,"[ 0.0121097   0.06471875 -0.05255973 ... -0.0194777   0.00090122
  0.03255056]"
131,20160417_meet_the_press_0059,"[ 0.00511551 -0.0061232  -0.0321481  ... -0.00880345  0.01183707
  0.00757708]"
132,20160424_meet_the_press_0384,"[-0.02169051  0.02051463 -0.05740323 ... -0.01618504  0.04650448
 -0.02254345]"
133,20160508_Trump_meet_the_press_0366,"[-0.00991233  0.04613361 -0.02545142 ...  0.0140459   0.01453687
  0.02498202]"
134,20160508_Trump_meet_the_press_0375,"[-0.00111022  0.00160128  0.01833262 ...  0.03409936  0.01536504
  0.02057642]"
135,20160508_Trump_meet_the_press_0375,"[-0.00111022  0.00160128  0.01833262 ...  0.03409936  0.01536504
  0.02057642]"
136,20160508_Trump_meet_the_press_0395,"[-0.01443238 -0.00618832  0.01015277 ...  0.0293047   0.00093712
  0.03576458]"
137,20160508_Trump_meet_the_press_0394,"[-0.00250107  0.01011921 -0.00569544 ...  0.04322737  0.01209985
 -0.00523927]"
138,20160508_Trump_meet_the_press_0394,"[-0.00250107  0.01011921 -0.00569544 ...  0.04322737  0.01209985
 -0.00523927]"
139,20160529_Sanders_MeetThePress_0184,"[ 0.00702557  0.00204334 -0.02217021 ...  0.01208658  0.01895732
  0.0307794 ]"
140,20160529_Sanders_MeetThePress_0179,"[-0.0302593  -0.0302873   0.00080246 ... -0.04921514 -0.00763379
  0.02364002]"
141,20160529_Sanders_MeetThePress_0181,"[-0.00997872  0.01499294  0.03874245 ...  0.01258498  0.01471358
 -0.00329636]"
142,20160529_Sanders_MeetThePress_0182,"[-0.01105359  0.0240907  -0.01215639 ...  0.05505064  0.02495259
  0.02902145]"
143,20160529_Sanders_MeetThePress_0185,"[-0.00198175  0.02236001  0.00243266 ... -0.05802454 -0.00533422
 -0.0204691 ]"
144,20160622_Trump_NY_Soho_0022,"[-0.02310557 -0.002231   -0.01907299 ... -0.02985512 -0.00189974
 -0.02047029]"
145,20160622_Trump_NY_Soho_0022,"[-0.02310557 -0.002231   -0.01907299 ... -0.02985512 -0.00189974
 -0.02047029]"
146,20160622_Trump_NY_Soho_0061,"[ 0.01615886  0.00549075 -0.04749456 ... -0.04428648 -0.00980805
  0.01721385]"
147,20160622_Trump_NY_Soho_0061,"[ 0.01615886  0.00549075 -0.04749456 ... -0.04428648 -0.00980805
  0.01721385]"
148,20160622_Trump_NY_Soho_0062,"[ 0.0358113   0.02467325 -0.03993972 ... -0.00522646 -0.03420148
 -0.02452461]"
149,20160622_Trump_NY_Soho_0062,"[ 0.0358113   0.02467325 -0.03993972 ... -0.00522646 -0.03420148
 -0.02452461]"
150,20160622_Trump_NY_Soho_0064,"[ 0.02765585  0.01539555 -0.05391936 ...  0.00046969 -0.02311013
  0.01168667]"
151,20160622_Trump_NY_Soho_0065,"[-0.00787361 -0.00690096 -0.05854033 ... -0.01095638  0.00868076
 -0.00526074]"
152,20160622_Trump_NY_Soho_0073,"[ 0.02490906  0.02273454  0.00826053 ...  0.02701131 -0.03007015
  0.02845812]"
153,20160622_Trump_NY_Soho_0074,"[ 0.01817753 -0.00977499  0.02605582 ...  0.03793924  0.04497171
 -0.01540771]"
154,20160622_Trump_NY_Soho_0074,"[ 0.01817753 -0.00977499  0.02605582 ...  0.03793924  0.04497171
 -0.01540771]"
155,20160622_Trump_NY_Soho_0084,"[-0.04183387  0.01016518 -0.0483694  ... -0.00185627 -0.02734997
 -0.01986713]"
156,20160622_Trump_NY_Soho_0085,"[-0.01643082 -0.04922571  0.00659812 ...  0.01839325 -0.02136648
  0.0077019 ]"
157,20160622_Trump_NY_Soho_0086,"[-0.00587803  0.02542274 -0.0398333  ... -0.01812004  0.02826836
 -0.03185751]"
158,20160622_Trump_NY_Soho_0108,"[-0.01860273  0.03397854 -0.02185361 ... -0.02726285  0.00014629
  0.01460101]"
159,20160622_Trump_NY_Soho_0108,"[-0.01860273  0.03397854 -0.02185361 ... -0.02726285  0.00014629
  0.01460101]"
160,20160622_Trump_NY_Soho_0113,"[-0.01725102  0.0325677   0.02281392 ... -0.00562311 -0.02244936
  0.01855021]"
161,20160622_Trump_NY_Soho_0114,[0.01495739 0.00269747 0.00380573 ... 0.01379418 0.02995533 0.05014274]
162,20160622_Trump_NY_Soho_0115,"[ 0.02718882  0.01214942 -0.03160217 ...  0.04093081  0.02851777
  0.01547812]"
163,20160622_Trump_NY_Soho_0130,"[ 0.00291375  0.04403822 -0.04638854 ... -0.01720707 -0.01608009
 -0.0134516 ]"
164,20160622_Trump_NY_Soho_0131,"[-0.00650781  0.01542683 -0.04043644 ... -0.0323131   0.00656284
  0.01571356]"
165,20160622_Trump_NY_Soho_0141,"[-0.00016311 -0.01079895 -0.03047176 ... -0.01930872  0.03388268
  0.00272184]"
166,20160622_Trump_NY_Soho_0151,"[ 0.00760261  0.00855494 -0.04046673 ...  0.02704518  0.01265157
  0.002853  ]"
167,20160622_Trump_NY_Soho_0157,"[-0.02284352 -0.02336015  0.020638   ...  0.00865446  0.03432278
  0.03890251]"
168,20160622_Trump_NY_Soho_0157,"[-0.02284352 -0.02336015  0.020638   ...  0.00865446  0.03432278
  0.03890251]"
169,20160622_Trump_NY_Soho_0179,"[ 0.0412116   0.03151495 -0.01947949 ... -0.0366108  -0.02913343
  0.035031  ]"
170,20160622_Trump_NY_Soho_0179,"[ 0.0412116   0.03151495 -0.01947949 ... -0.0366108  -0.02913343
  0.035031  ]"
171,20160622_Trump_NY_Soho_0183,"[-0.0014872   0.04487437  0.01965676 ... -0.00072545 -0.0538867
 -0.02638555]"
172,20160721_Trump_draft_RNC_0020,"[-0.00555173 -0.01305668 -0.03021117 ... -0.00598928 -0.04707931
 -0.01752118]"
173,20160721_Trump_draft_RNC_0021,"[ 0.00138281  0.0333968   0.00241629 ...  0.04904427 -0.02489228
  0.02734518]"
174,20160721_Trump_draft_RNC_0022,"[ 0.02011234  0.04315351 -0.01326432 ...  0.00927152 -0.03013666
 -0.01832367]"
175,20160721_Trump_draft_RNC_0029,"[ 0.01748988  0.01182596 -0.02852525 ...  0.02864101  0.00423202
  0.04763048]"
176,20160721_Trump_draft_RNC_0040,"[ 0.02216453  0.01947039 -0.02314267 ...  0.03373422  0.01819803
  0.00020071]"
177,20160721_Trump_draft_RNC_0047,"[-0.00523021 -0.05255435 -0.04030271 ...  0.02761066  0.005048
  0.0196736 ]"
178,20160721_Trump_draft_RNC_0043,"[ 4.4052985e-02  5.0524220e-02 -3.6422438e-03 ...  1.8020146e-02
  9.0365596e-03 -4.0094401e-05]"
179,20160721_Trump_draft_RNC_0187,"[ 0.0180991   0.01806882 -0.05329501 ... -0.0026927  -0.01991469
 -0.03805481]"
180,20160721_Trump_draft_RNC_0187,"[ 0.0180991   0.01806882 -0.05329501 ... -0.0026927  -0.01991469
 -0.03805481]"
181,20160721_Trump_draft_RNC_0160,"[-0.00507056  0.03091245 -0.04905905 ...  0.05065455  0.03662427
  0.0523167 ]"
182,20160721_Trump_draft_RNC_0058,"[ 0.00876039  0.00109553 -0.05612865 ... -0.04432971  0.02025635
 -0.03031221]"
183,20160721_Trump_draft_RNC_0148,"[-0.02812546  0.02776479  0.02837946 ...  0.03191781 -0.01875977
  0.04158068]"
184,20160721_Trump_draft_RNC_0149,"[-0.01269608 -0.01707183 -0.02488721 ...  0.00780946  0.00279382
  0.03647584]"
185,20160721_Trump_draft_RNC_0205,"[-0.02995402  0.03857788 -0.03731406 ...  0.00444829 -0.02773559
  0.0153783 ]"
186,20160721_Trump_draft_RNC_0206,"[-0.04764504 -0.01319575 -0.04111699 ...  0.01419726  0.00273782
  0.02222438]"
187,20160721_Trump_draft_RNC_0207,"[-0.00399008  0.00191772 -0.03306191 ...  0.03187452 -0.01024293
  0.01257895]"
188,20160721_Trump_draft_RNC_0207,"[-0.00399008  0.00191772 -0.03306191 ...  0.03187452 -0.01024293
  0.01257895]"
189,20160721_Trump_draft_RNC_0230,"[-0.00371619  0.03458972 -0.02204616 ... -0.0059112   0.05130928
  0.03305743]"
190,20160721_Trump_draft_RNC_0042,"[-0.04056969  0.0247628  -0.05651785 ...  0.0123403  -0.01293181
 -0.04642041]"
191,20160721_Trump_draft_RNC_0234,"[-0.00516715  0.04779048  0.01746648 ... -0.03083594  0.03225253
 -0.0521144 ]"
192,20160721_Trump_draft_RNC_0028,"[ 0.02850593 -0.006435   -0.02578586 ...  0.039005    0.01853756
  0.04263387]"
193,20160901_Trump_immigration_Phoenix_0063,"[ 0.00859939 -0.01015154 -0.04019521 ...  0.01699667  0.01922681
  0.01090975]"
194,20160901_Trump_immigration_Phoenix_0048,"[ 0.05083669 -0.00182177 -0.05237499 ...  0.05201571 -0.00110159
  0.05792496]"
195,20160901_Trump_immigration_Phoenix_0043,"[ 0.04647696  0.01119221 -0.02623054 ...  0.04095111  0.00373046
  0.02116999]"
196,20160901_Trump_immigration_Phoenix_0061,"[ 0.03111228 -0.03397061  0.0112994  ...  0.01101794  0.01302225
 -0.02246955]"
197,20160901_Trump_immigration_Phoenix_0061,"[ 0.03111228 -0.03397061  0.0112994  ...  0.01101794  0.01302225
 -0.02246955]"
198,20160901_Trump_immigration_Phoenix_0061,"[ 0.03111228 -0.03397061  0.0112994  ...  0.01101794  0.01302225
 -0.02246955]"
199,20160901_Trump_immigration_Phoenix_0124,"[ 0.03104116  0.02698806 -0.04544061 ...  0.04044464  0.04440748
  0.0467198 ]"
200,20160901_Trump_immigration_Phoenix_0082,"[-0.01420612 -0.0322325  -0.05405264 ...  0.03500779 -0.00041886
 -0.04519545]"
201,20160901_Trump_immigration_Phoenix_0052,"[ 0.03666113 -0.01214235 -0.0064343  ...  0.03829627 -0.00868717
  0.04029844]"
202,20160901_Trump_immigration_Phoenix_0135,"[ 0.04002681 -0.02665511 -0.00339616 ...  0.02359093  0.00086891
  0.03242829]"
203,20160907_NBC_commander_in_chief_forum_0073,"[-0.00929778  0.022312   -0.05417242 ... -0.01164276 -0.02456969
 -0.03893152]"
204,20160907_NBC_commander_in_chief_forum_0165,"[ 0.03167097 -0.01060309 -0.01660592 ... -0.01717934 -0.02940302
 -0.00895521]"
205,20160907_NBC_commander_in_chief_forum_0221,"[ 0.03130662  0.01628698  0.00482839 ... -0.01538888  0.02043713
  0.02642287]"
206,20160907_NBC_commander_in_chief_forum_0240,[0.03543264 0.05646487 0.01677344 ... 0.04862825 0.01147331 0.01543198]
207,20160907_NBC_commander_in_chief_forum_0241,"[-0.02450929  0.0123216   0.03120855 ... -0.01286735 -0.01531542
  0.03379248]"
208,20160907_NBC_commander_in_chief_forum_0358,"[ 0.05556679  0.05321781 -0.04782017 ... -0.0356705  -0.0295982
  0.02659398]"
209,20160907_NBC_commander_in_chief_forum_0378,"[ 0.03937426  0.00442478 -0.01886781 ... -0.02360892  0.03339916
  0.03112493]"
210,20160907_NBC_commander_in_chief_forum_0439,"[ 0.00335511 -0.04559092  0.03539022 ... -0.05137047  0.00131814
  0.03798322]"
211,20160907_NBC_commander_in_chief_forum_0545,"[ 0.044581   -0.00811446 -0.04192259 ...  0.03739752 -0.01103151
 -0.03572844]"
212,20160907_NBC_commander_in_chief_forum_0564,"[-0.03941011 -0.01318469 -0.00339613 ... -0.0316253   0.00130781
  0.01704929]"
213,20160907_NBC_commander_in_chief_forum_0571,"[ 0.00987575 -0.03807835 -0.00718375 ... -0.04382583 -0.02088998
 -0.03126262]"
214,20160907_NBC_commander_in_chief_forum_0611,"[ 0.00565634  0.04217877 -0.06156893 ... -0.01070901 -0.01761854
 -0.02836614]"
215,20160926_1pres_0064,"[ 0.03181444 -0.04525278 -0.0458228  ...  0.00260412 -0.00691822
  0.0330879 ]"
216,20160926_1pres_0098,"[ 0.00857229  0.03638871  0.00860996 ...  0.03358724  0.02064951
 -0.03117347]"
217,20160926_1pres_0165,"[-0.05281132 -0.02651509  0.0446992  ... -0.02429134 -0.04006718
 -0.00791438]"
218,20160926_1pres_0166,"[-0.01915397 -0.02355124 -0.00352354 ... -0.02123534 -0.03581821
  0.03073552]"
219,20160926_1pres_0175,"[-0.02610225  0.04654863  0.00586214 ...  0.01153114 -0.04902603
 -0.00486907]"
220,20160926_1pres_0179,"[-0.02069641  0.03997181 -0.01460407 ... -0.04893579 -0.03990544
  0.0010245 ]"
221,20160926_1pres_0183,"[-0.01319836  0.01542707 -0.03820081 ...  0.01727445 -0.01453909
 -0.00651002]"
222,20160926_1pres_0202,"[ 0.02243395  0.0475353   0.01575997 ...  0.01183991 -0.0386064
 -0.0456827 ]"
223,20160926_1pres_0203,"[ 0.00407157 -0.02375808  0.01185043 ...  0.01744471 -0.03651987
 -0.04085324]"
224,20160926_1pres_0232,"[ 0.04211319  0.05903622 -0.06042406 ...  0.0176503   0.04904171
  0.04883728]"
225,20160926_1pres_0252,"[-0.03994713 -0.02546825 -0.0454805  ... -0.02421422 -0.03596433
 -0.03986059]"
226,20160926_1pres_0264,"[ 0.03002357  0.01177033 -0.02699251 ... -0.03403097 -0.0352537
 -0.00018289]"
227,20160926_1pres_0265,"[ 0.03228658  0.02005717 -0.02867129 ...  0.0153868  -0.04507058
  0.01205109]"
228,20160926_1pres_0424,"[ 0.04603988  0.01672872 -0.03687063 ...  0.0176493  -0.03714344
 -0.0136595 ]"
229,20160926_1pres_0440,"[-0.04098015 -0.02337651  0.02684413 ... -0.02929799 -0.03194908
 -0.02639457]"
230,20160926_1pres_0493,"[-0.02925246  0.03781423 -0.05485703 ...  0.03568272 -0.02279008
 -0.04867715]"
231,20160926_1pres_0575,"[-0.00079352  0.0330397  -0.03556643 ...  0.03115761 -0.03009466
 -0.00365225]"
232,20160926_1pres_0579,"[ 0.03227155  0.0100297  -0.04412032 ...  0.05397764 -0.04252313
 -0.041044  ]"
233,20160926_1pres_0629,"[ 0.00833368  0.00656629 -0.0124658  ...  0.03200742  0.02756943
  0.01898901]"
234,20160926_1pres_0645,"[-0.00215688 -0.00904081  0.01317441 ...  0.03311796 -0.01411802
  0.02660477]"
235,20160926_1pres_0711,"[-0.00900822 -0.001122   -0.01173315 ...  0.01382275  0.01964112
 -0.03563958]"
236,20160926_1pres_0748,"[ 0.02254714 -0.03348917  0.01147396 ... -0.01132254 -0.01315521
 -0.03008194]"
237,20160926_1pres_0819,"[ 0.04930595 -0.05652075  0.06278174 ...  0.00579068  0.04823771
 -0.0263176 ]"
238,20160926_1pres_0868,"[-0.04539229  0.02926083  0.04467852 ... -0.02973728 -0.02697853
  0.01799292]"
239,20160926_1pres_0927,"[-0.00166702 -0.01183056  0.00170067 ... -0.04349307 -0.00848943
 -0.03019236]"
240,20160926_1pres_1010,"[ 0.03822725 -0.02752336 -0.01888043 ...  0.00351546 -0.01937563
 -0.00125129]"
241,20160926_1pres_1010,"[ 0.03822725 -0.02752336 -0.01888043 ...  0.00351546 -0.01937563
 -0.00125129]"
242,20160926_1pres_1057,"[ 0.01082613  0.00808778  0.03584266 ... -0.02717273 -0.03550717
  0.04824714]"
243,20160926_1pres_1059,"[ 0.04387117  0.00910139 -0.00415611 ...  0.02164284 -0.0171445
 -0.00184082]"
244,20160926_1pres_1079,"[ 0.05252387  0.04433472 -0.05066365 ... -0.00311261 -0.02771221
  0.01383563]"
245,20160926_1pres_1148,"[ 0.03749311  0.04129505 -0.05933682 ...  0.02540373 -0.01698053
 -0.02751499]"
246,20160926_1pres_1182,"[ 0.02355719 -0.01024294 -0.01283178 ...  0.02885783 -0.01243059
 -0.04076043]"
247,20160926_1pres_1182,"[ 0.02355719 -0.01024294 -0.01283178 ...  0.02885783 -0.01243059
 -0.04076043]"
248,20160926_1pres_1214,"[ 0.02628196 -0.01236453 -0.03226462 ... -0.02990509  0.02178638
  0.05211105]"
249,20160926_1pres_1215,"[ 0.04166898  0.03473984 -0.01558554 ...  0.02581466  0.00590861
 -0.0332585 ]"
250,20160926_1pres_1222,"[ 0.01765459 -0.01039952 -0.03433443 ... -0.02802008  0.00692558
 -0.04108659]"
251,20160926_1pres_1225,"[ 0.05094641  0.02164185 -0.01031044 ... -0.01091463 -0.00266458
  0.00368929]"
252,20160926_1pres_1326,"[-0.06042762 -0.00644034  0.00764131 ...  0.00524593 -0.05195322
 -0.04916414]"
253,20160926_1pres_1326,"[-0.06042762 -0.00644034  0.00764131 ...  0.00524593 -0.05195322
 -0.04916414]"
254,20161005_vice_pres_0075,"[ 0.01268487  0.00022661 -0.02675585 ...  0.00941397 -0.00607164
 -0.03998504]"
255,20161005_vice_pres_0050,"[-0.00368265  0.00077945 -0.00970429 ...  0.01089023 -0.01309452
  0.0252058 ]"
256,20161005_vice_pres_0097,"[-0.00854055 -0.03572927 -0.03058306 ... -0.05949246 -0.00959539
  0.01936527]"
257,20161005_vice_pres_0153,"[ 0.01219496  0.0133317  -0.05545283 ...  0.00432908  0.00488801
 -0.01905734]"
258,20161005_vice_pres_0117,"[-0.03044581 -0.01120086 -0.02515196 ... -0.03517827 -0.00718072
 -0.03742757]"
259,20161005_vice_pres_0179,"[ 0.05198871  0.03316716  0.00070186 ...  0.00667521 -0.01923757
 -0.04187756]"
260,20161005_vice_pres_0184,"[-0.02911551  0.03036362 -0.01693433 ...  0.03223436  0.02172861
 -0.05816266]"
261,20161005_vice_pres_0192,"[ 0.02189507  0.03869583  0.00939548 ... -0.00540294  0.03807938
  0.04118825]"
262,20161005_vice_pres_0215,"[-0.0331673   0.02715972  0.04549354 ...  0.00791298 -0.05422838
 -0.02133252]"
263,20161005_vice_pres_0216,"[-0.01109311  0.03519272  0.00347818 ... -0.01155586  0.00816279
 -0.03652231]"
264,20161005_vice_pres_0234,"[ 0.05511584 -0.01350208  0.01538254 ... -0.03162684 -0.00906888
 -0.034804  ]"
265,20161005_vice_pres_0236,"[ 0.0160236  -0.03189153  0.03149354 ...  0.01691448  0.01685453
  0.02992301]"
266,20161005_vice_pres_0305,"[-0.04801472 -0.02238976  0.00146656 ... -0.01312402 -0.04696266
 -0.04980163]"
267,20161005_vice_pres_0326,"[-0.03104432  0.0294869  -0.03501807 ...  0.0145506  -0.02025411
 -0.01504635]"
268,20161005_vice_pres_0437,"[-0.04968739 -0.0349903   0.01187203 ...  0.02527435 -0.01137733
 -0.04855698]"
269,20161005_vice_pres_0438,"[-0.01144665  0.02596411 -0.05144487 ...  0.02988939 -0.01295313
 -0.02502275]"
270,20161005_vice_pres_0497,"[ 0.03019655 -0.00609316 -0.0098735  ... -0.01843812  0.01424967
 -0.03268345]"
271,20161005_vice_pres_0497,"[ 0.03019655 -0.00609316 -0.0098735  ... -0.01843812  0.01424967
 -0.03268345]"
272,20161005_vice_pres_0497,"[ 0.03019655 -0.00609316 -0.0098735  ... -0.01843812  0.01424967
 -0.03268345]"
273,20161005_vice_pres_0639,"[-0.00373084 -0.00046862 -0.01573795 ...  0.01864105 -0.01906803
 -0.05879248]"
274,20161005_vice_pres_0639,"[-0.00373084 -0.00046862 -0.01573795 ...  0.01864105 -0.01906803
 -0.05879248]"
275,20161005_vice_pres_0640,"[ 0.05319018  0.02949459 -0.03562986 ... -0.01335658  0.00290296
  0.02796509]"
276,20161005_vice_pres_0640,"[ 0.05319018  0.02949459 -0.03562986 ... -0.01335658  0.00290296
  0.02796509]"
277,20161005_vice_pres_0965,"[ 0.04435415 -0.00185554 -0.00852086 ... -0.0535986   0.0406698
  0.03110564]"
278,20161005_vice_pres_0968,"[-0.03432384  0.04538302 -0.04262214 ...  0.01023091 -0.01377776
 -0.02412867]"
279,20161005_vice_pres_0682,"[ 0.03622545  0.02033631 -0.02985287 ...  0.02326651  0.02367218
 -0.05182287]"
280,20161005_vice_pres_0694,"[ 0.00559522  0.0347078  -0.00567852 ...  0.02094679  0.0052855
  0.00669798]"
281,20161005_vice_pres_0737,"[-0.02112679 -0.01828852 -0.03943817 ... -0.02993015 -0.03477693
 -0.03036266]"
282,20161005_vice_pres_1039,"[ 0.04617814 -0.01236613 -0.00977338 ...  0.04903238  0.01975647
 -0.04373241]"
283,20161005_vice_pres_1134,"[ 0.06047194 -0.0036336  -0.04247002 ...  0.00444895  0.02634214
  0.0291649 ]"
284,20161005_vice_pres_1163,"[ 0.03611182 -0.00947691 -0.04362985 ...  0.0120512  -0.01180843
 -0.05254714]"
285,20161005_vice_pres_1163,"[ 0.03611182 -0.00947691 -0.04362985 ...  0.0120512  -0.01180843
 -0.05254714]"
286,20161005_vice_pres_1163,"[ 0.03611182 -0.00947691 -0.04362985 ...  0.0120512  -0.01180843
 -0.05254714]"
287,20161005_vice_pres_1163,"[ 0.03611182 -0.00947691 -0.04362985 ...  0.0120512  -0.01180843
 -0.05254714]"
288,20161005_vice_pres_1162,"[-0.05063338  0.00898638  0.02134681 ... -0.00232423  0.01915761
  0.00632228]"
289,20161005_vice_pres_1259,"[-0.04675519  0.02359495  0.00898326 ... -0.03208609  0.03050042
  0.00101539]"
290,20161005_vice_pres_1325,"[ 0.021666   -0.02530216 -0.04257897 ...  0.00507736  0.03423003
  0.02577052]"
291,20161010_2pres_0035,"[ 0.05197892  0.04013649 -0.03331246 ...  0.01532407 -0.03109671
  0.00458877]"
292,20161010_2pres_0037,"[ 0.0393427   0.04884586 -0.03106278 ...  0.01212108 -0.00091861
 -0.02170332]"
293,20161010_2pres_0039,"[ 0.02403582  0.03988222 -0.00656524 ...  0.0361352   0.01068978
 -0.03286872]"
294,20161010_2pres_0112,"[-0.03992369 -0.03098512  0.01715073 ... -0.01580332 -0.02379342
 -0.06486587]"
295,20161010_2pres_0117,"[-0.0135313   0.03195596  0.01067133 ... -0.03564346  0.02014569
 -0.05383582]"
296,20161010_2pres_0117,"[-0.0135313   0.03195596  0.01067133 ... -0.03564346  0.02014569
 -0.05383582]"
297,20161010_2pres_0117,"[-0.0135313   0.03195596  0.01067133 ... -0.03564346  0.02014569
 -0.05383582]"
298,20161010_2pres_0117,"[-0.0135313   0.03195596  0.01067133 ... -0.03564346  0.02014569
 -0.05383582]"
299,20161010_2pres_0130,"[-0.00472972  0.04417533 -0.01152515 ... -0.0223712  -0.01605979
 -0.00449247]"
300,20161010_2pres_0165,"[ 0.00621621 -0.01737462 -0.00108463 ...  0.0100425  -0.0097796
 -0.04062285]"
301,20161010_2pres_0190,"[-0.03857461 -0.0406131   0.00687001 ... -0.00521416 -0.01672377
 -0.01515265]"
302,20161010_2pres_0208,"[ 0.01562614  0.02560578 -0.01438364 ...  0.03774087  0.01336745
 -0.0611411 ]"
303,20161010_2pres_0346,"[-0.02048642 -0.00968266 -0.03521647 ...  0.02131235 -0.03167684
  0.01965078]"
304,20161010_2pres_0347,"[ 0.02974742  0.0315953   0.02526484 ... -0.00629961  0.00791307
 -0.03660947]"
305,20161010_2pres_0370,"[-0.03675099  0.04801304 -0.00054308 ...  0.05213796  0.03199589
  0.02809772]"
306,20161010_2pres_0437,"[-0.03346289 -0.045129    0.05330518 ... -0.01396269 -0.05386408
  0.03766676]"
307,20161010_2pres_0439,"[ 0.03684335 -0.04868763  0.05723997 ...  0.0045011   0.00169765
 -0.00863869]"
308,20161010_2pres_0500,"[-0.02398131  0.04218346  0.03272241 ... -0.01308767 -0.00240114
 -0.02298372]"
309,20161010_2pres_0501,"[-0.006741   -0.00018105  0.00963045 ...  0.03327937  0.0323916
  0.03344516]"
310,20161010_2pres_0525,"[-0.01040013 -0.00336543  0.03007899 ...  0.01189846  0.00073828
  0.00706014]"
311,20161010_2pres_0534,"[ 0.04740667  0.04753173 -0.05238104 ... -0.02761583 -0.03419961
  0.0168088 ]"
312,20161010_2pres_0554,"[ 0.05590445 -0.01018681 -0.04352387 ...  0.03687941 -0.01354343
  0.03534986]"
313,20161010_2pres_0605,"[-0.05119807  0.00553937 -0.05549834 ... -0.05273185  0.01598961
 -0.02583435]"
314,20161010_2pres_0607,"[-0.03240314 -0.01724452 -0.06332985 ... -0.05506281  0.04467238
  0.00116767]"
315,20161010_2pres_0675,"[-0.00683106  0.02947108  0.02064859 ...  0.03928051 -0.02593523
 -0.04522953]"
316,20161010_2pres_0772,"[ 0.04015528  0.01224891 -0.03974794 ... -0.03053731  0.01637842
  0.0313615 ]"
317,20161010_2pres_0776,"[ 0.02570157  0.01236712 -0.03396204 ... -0.04267169 -0.00325909
  0.0172867 ]"
318,20161010_2pres_0834,"[ 0.0356648   0.0100056  -0.04700665 ...  0.01092703  0.03321425
 -0.03059378]"
319,20161010_2pres_0838,"[-0.04378835 -0.01250434  0.01289644 ... -0.00977653 -0.01688339
 -0.00816387]"
320,20161010_2pres_0839,"[-0.00813793 -0.0192537  -0.02008817 ...  0.01507093 -0.03452711
  0.02886801]"
321,20161010_2pres_0840,"[ 0.02771283  0.02684224 -0.0206253  ... -0.00621673 -0.02099826
 -0.00908728]"
322,20161010_2pres_0821,"[-0.00018679 -0.05289228  0.03384482 ... -0.02097598  0.01261593
  0.01977471]"
323,20161010_2pres_0851,"[ 0.00343721 -0.01364444 -0.00616017 ... -0.01876656 -0.03461748
  0.00011735]"
324,20161010_2pres_0858,"[ 0.04052705  0.00086201 -0.04811999 ...  0.0009338  -0.00629193
 -0.00497045]"
325,20161010_2pres_0981,"[ 0.05033903 -0.00281366 -0.0407789  ...  0.03302202  0.00059501
  0.04057978]"
326,20161010_2pres_0982,"[-0.02704752  0.00051559  0.01651441 ... -0.04608995 -0.03627541
 -0.00417092]"
327,20161010_2pres_1035,"[-0.00461247  0.04697596  0.03106555 ...  0.00387091 -0.00303998
  0.0147204 ]"
328,20161010_2pres_1036,"[ 0.03663649  0.01783913  0.04195944 ... -0.02316071 -0.00042396
  0.00590312]"
329,20161010_2pres_1069,"[ 0.00468696  0.01345322 -0.0219085  ...  0.04405339 -0.00546251
  0.0192522 ]"
330,20161010_2pres_1081,"[ 0.03690966 -0.00665157 -0.02185817 ...  0.00872645 -0.04155692
 -0.03299837]"
331,20161010_2pres_1168,"[-0.0010842   0.01982762 -0.01517121 ... -0.03910922  0.03022449
 -0.01000616]"
332,20161019_3pres_0029,"[-0.04040051  0.04814951  0.00098396 ... -0.00472972  0.02360588
  0.03224486]"
333,20161019_3pres_0029,"[-0.04040051  0.04814951  0.00098396 ... -0.00472972  0.02360588
  0.03224486]"
334,20161019_3pres_0030,"[ 0.0304342  -0.00380006  0.00026484 ... -0.04893248  0.02238414
  0.01082196]"
335,20161019_3pres_0048,"[ 0.00161729  0.04766023 -0.03453355 ...  0.0418186   0.05868807
  0.02364247]"
336,20161019_3pres_0078,"[ 0.02443468  0.03592107 -0.00950675 ...  0.0255474   0.03364519
  0.00601643]"
337,20161019_3pres_0074,"[ 0.03091527  0.02565574 -0.00703243 ...  0.0373936   0.01822481
  0.0150745 ]"
338,20161019_3pres_0139,"[-0.01435621 -0.01275119  0.05289705 ...  0.0007802   0.006595
 -0.05250131]"
339,20161019_3pres_0189,"[ 0.00364976 -0.00884909 -0.04571426 ... -0.01243937 -0.00093301
 -0.01080371]"
340,20161019_3pres_0190,"[ 0.00255166 -0.04097513 -0.02146248 ... -0.04341934  0.00112165
  0.04785389]"
341,20161019_3pres_0200,"[ 0.05003541  0.03861446 -0.02961741 ...  0.04781288  0.00185235
  0.0424289 ]"
342,20161019_3pres_0201,"[ 0.04919733  0.00074754  0.03606012 ... -0.03750297  0.03449906
 -0.03902114]"
343,20161019_3pres_0228,[0.00523953 0.01789653 0.02141158 ... 0.01187386 0.00581738 0.0261026 ]
344,20161019_3pres_0255,"[ 0.01119421  0.01347231  0.02687111 ... -0.00797389  0.04757787
 -0.00862652]"
345,20161019_3pres_0256,"[-0.01880828  0.01203736 -0.02094999 ... -0.01864244  0.03261913
 -0.00125107]"
346,20161019_3pres_0273,"[-0.02786843  0.01579154 -0.01972595 ...  0.00496092 -0.02218731
  0.02796892]"
347,20161019_3pres_0339,"[-0.03635206  0.0181369   0.03970758 ...  0.01908156  0.0398709
 -0.00884523]"
348,20161019_3pres_0345,"[-0.01867954 -0.01273357 -0.06427749 ... -0.05160795  0.04906623
 -0.01221813]"
349,20161019_3pres_0363,"[-0.00760887 -0.0399506  -0.05371604 ... -0.01810561 -0.011416
  0.01389354]"
350,20161019_3pres_0366,"[-0.01339397 -0.01466496 -0.05145958 ... -0.02339572  0.01741762
  0.04957915]"
351,20161019_3pres_0424,"[-0.00287378 -0.039102   -0.00066111 ... -0.04418731  0.00836234
  0.05570019]"
352,20161019_3pres_0468,"[ 0.0461755  -0.00421081 -0.01658894 ...  0.01998559  0.02302879
  0.02532896]"
353,20161019_3pres_0485,"[-0.03117723  0.01052782 -0.03141762 ...  0.01574105 -0.03712809
 -0.02885764]"
354,20161019_3pres_0490,"[-0.03463307  0.01994203  0.0372599  ...  0.0188455  -0.01556392
  0.02251249]"
355,20161019_3pres_0607,"[-2.8132319e-02  3.1529274e-02 -3.0860581e-02 ...  4.0274772e-05
 -2.9008398e-02 -8.8917082e-03]"
356,20161019_3pres_0609,"[-0.02459167 -0.01647059  0.02216739 ... -0.04528625 -0.044583
 -0.00676505]"
357,20161019_3pres_0655,"[-0.01555667 -0.01695504 -0.04828724 ...  0.01591429 -0.00751935
 -0.02713786]"
358,20161019_3pres_0657,"[ 0.02344994 -0.00621956 -0.0488474  ...  0.01741437  0.00037999
 -0.01527659]"
359,20161019_3pres_0659,"[-0.00677102  0.03785292 -0.04250138 ...  0.00990792 -0.00825629
  0.02274176]"
360,20161019_3pres_0667,"[-0.03494558  0.04227318 -0.01131084 ...  0.04741544  0.01724638
 -0.04446625]"
361,20161019_3pres_0687,"[ 0.03570636 -0.01178269 -0.01963206 ...  0.00161456 -0.00544837
 -0.02120192]"
362,20161019_3pres_0688,"[-0.01178245 -0.01705319 -0.00227638 ... -0.00106305 -0.02906598
  0.04394087]"
363,20161019_3pres_0695,"[ 0.01379649 -0.0502751   0.0275057  ... -0.00090297 -0.00015327
 -0.05322534]"
364,20161019_3pres_0699,"[-0.00465628  0.00533913 -0.02026685 ... -0.04761819 -0.028105
  0.00604607]"
365,20161019_3pres_0751,"[ 0.01736089  0.00352054  0.0121649  ...  0.02161646 -0.01193578
 -0.05439969]"
366,20161019_3pres_0765,"[-0.05880682 -0.02874103  0.03140675 ...  0.00776025 -0.01585513
 -0.05168982]"
367,20161019_3pres_0423,"[ 0.00297536 -0.02395452 -0.00297434 ... -0.00435189 -0.00304864
  0.01425993]"
368,20161019_3pres_0793,"[ 0.05415815 -0.00227888 -0.02660045 ... -0.03158313  0.02627682
 -0.00064553]"
369,20161019_3pres_0815,"[-0.01737254 -0.00687034 -0.028279   ... -0.02652035 -0.00434728
  0.00492782]"
370,20161019_3pres_0815,"[-0.01737254 -0.00687034 -0.028279   ... -0.02652035 -0.00434728
  0.00492782]"
371,20161019_3pres_0818,"[ 5.428804e-03 -2.668677e-02  4.472259e-02 ... -5.042464e-03 -9.992252e-05
 -2.552022e-02]"
372,20161019_3pres_0820,"[ 0.03063725 -0.03634488 -0.02927281 ...  0.01575067 -0.0086472
 -0.02608916]"
373,20161019_3pres_0820,"[ 0.03063725 -0.03634488 -0.02927281 ...  0.01575067 -0.0086472
 -0.02608916]"
374,20161019_3pres_0832,"[ 0.014818    0.01480269  0.01947279 ... -0.01089129 -0.02616628
 -0.01375132]"
375,20161019_3pres_0867,"[-4.9064841e-02  2.6314106e-02 -2.7120592e-02 ... -1.1565252e-02
  5.0871244e-05 -5.4856531e-02]"
376,20161019_3pres_0877,"[-0.02657721  0.01548622 -0.00040198 ... -0.01219317 -0.00358197
 -0.02717825]"
377,20161019_3pres_0918,"[ 0.01410298 -0.03339032 -0.04238384 ...  0.03614774  0.01990065
  0.03871924]"
378,20161019_3pres_0942,"[-0.04708248  0.0316466  -0.00949374 ...  0.00343009 -0.01047635
 -0.06254976]"
379,20161019_3pres_1036,"[-0.02790812  0.02830441 -0.04282841 ...  0.01553884 -0.02583438
 -0.06040412]"
380,20161019_3pres_1037,"[ 0.0215854  -0.05630679  0.01865683 ...  0.00738584 -0.00519803
  0.01462735]"
381,20161019_3pres_1038,"[ 0.00961389 -0.02315025 -0.02719641 ... -0.04249352 -0.02293213
  0.01751801]"
382,20161019_3pres_1039,"[-0.05168486  0.01964594 -0.01346867 ... -0.02579425 -0.02789484
 -0.05259779]"
383,20161019_3pres_1133,"[-0.00519076 -0.0268409  -0.0304827  ...  0.04366175 -0.0382767
 -0.00910729]"
384,20161019_3pres_1277,"[-0.01886302  0.04391605  0.04659962 ...  0.02546331 -0.02881116
  0.00161621]"
385,20161019_3pres_1329,"[ 0.04658628 -0.01023623 -0.03207758 ...  0.03791186  0.01213601
  0.01311421]"
386,20170111_Trump_press_conference_0041,"[-0.02679977  0.00997847 -0.01300365 ... -0.03631304 -0.01033099
 -0.02861513]"
387,20170111_Trump_press_conference_0172,"[ 0.01738358  0.0003458  -0.05643788 ... -0.03470194  0.0408594
 -0.0581435 ]"
388,20170111_Trump_press_conference_0203,"[ 0.05714364 -0.02949032  0.01385889 ... -0.01725123 -0.01952043
 -0.00346378]"
389,20170111_Trump_press_conference_0259,"[ 0.05267666 -0.00441881 -0.05790638 ... -0.02288281 -0.00942333
 -0.00035982]"
390,20170111_Trump_press_conference_0266,"[ 0.0338631  -0.00850987 -0.00412064 ... -0.00861916  0.0186774
 -0.01733639]"
391,20170111_Trump_press_conference_0270,"[ 0.00662761  0.00878602 -0.0097386  ... -0.0425664  -0.01183997
  0.00030991]"
392,20170111_Trump_press_conference_0287,"[-0.00365558 -0.01802729 -0.04169536 ... -0.02810117  0.00628371
 -0.04016661]"
393,20170111_Trump_press_conference_0277,"[ 0.03024292  0.04323495  0.02669041 ...  0.04742038 -0.03797522
  0.01176808]"
394,20170111_Trump_press_conference_0278,"[ 0.0035074  -0.00322991  0.01766855 ...  0.00509609 -0.0124455
 -0.04710325]"
395,20170111_Trump_press_conference_0387,"[ 0.06332635  0.02534905 -0.04429088 ...  0.05247354  0.01865174
  0.00557804]"
396,20170111_Trump_press_conference_0388,"[ 0.0086287  -0.00217882 -0.05215101 ... -0.02922693 -0.03967005
 -0.04132207]"
397,20170111_Trump_press_conference_0450,"[-0.02152259  0.04778481  0.01556867 ...  0.02027198 -0.04168663
  0.00024383]"
398,20170111_Trump_press_conference_0483,"[ 0.03787026 -0.02687117 -0.05310576 ...  0.01920736  0.00247991
  0.02829715]"
399,20170111_Trump_press_conference_0498,"[ 0.00443882  0.01242759 -0.02068884 ...  0.03036558  0.00811821
 -0.03548712]"
400,20170111_Trump_press_conference_0498,"[ 0.00443882  0.01242759 -0.02068884 ...  0.03036558  0.00811821
 -0.03548712]"
401,20170120_Trump_inauguration_0027,"[ 0.00014894 -0.04227336  0.05736044 ... -0.01725428  0.02773662
  0.05651861]"
402,20170120_Trump_inauguration_0032,"[ 0.0164176   0.00537268 -0.02749428 ... -0.00400135  0.03174719
  0.00296471]"
403,20170120_Trump_inauguration_0032,"[ 0.0164176   0.00537268 -0.02749428 ... -0.00400135  0.03174719
  0.00296471]"
404,20170120_Trump_inauguration_0032,"[ 0.0164176   0.00537268 -0.02749428 ... -0.00400135  0.03174719
  0.00296471]"
405,20170120_Trump_inauguration_0033,"[ 0.04067646  0.01627896 -0.03429707 ...  0.02092244  0.03225911
 -0.0019268 ]"
406,20170120_Trump_inauguration_0033,"[ 0.04067646  0.01627896 -0.03429707 ...  0.02092244  0.03225911
 -0.0019268 ]"
407,20170120_Trump_inauguration_0033,"[ 0.04067646  0.01627896 -0.03429707 ...  0.02092244  0.03225911
 -0.0019268 ]"
408,20170120_Trump_inauguration_0033,"[ 0.04067646  0.01627896 -0.03429707 ...  0.02092244  0.03225911
 -0.0019268 ]"
409,20170120_Trump_inauguration_0040,"[ 0.02122484 -0.02305149 -0.05814367 ...  0.04535706  0.02945028
  0.02507977]"
410,20170120_Trump_inauguration_0041,"[ 0.02360483  0.00546613 -0.04561568 ...  0.02440622  0.01257272
 -0.02457085]"
411,20170120_Trump_inauguration_0039,"[ 0.04310386  0.01817641 -0.06269776 ...  0.02510382 -0.01644525
 -0.03133113]"
412,20170120_Trump_inauguration_0039,"[ 0.04310386  0.01817641 -0.06269776 ...  0.02510382 -0.01644525
 -0.03133113]"
413,20170120_Trump_inauguration_0042,"[ 0.02261359 -0.02418257 -0.06349935 ...  0.01386017  0.01448668
  0.01336041]"
414,20170120_Trump_inauguration_0061,"[ 0.01499967 -0.00700168 -0.03074042 ... -0.02799229 -0.03044823
  0.06111213]"
415,20170120_Trump_inauguration_0061,"[ 0.01499967 -0.00700168 -0.03074042 ... -0.02799229 -0.03044823
  0.06111213]"
416,20170120_Trump_inauguration_0061,"[ 0.01499967 -0.00700168 -0.03074042 ... -0.02799229 -0.03044823
  0.06111213]"
417,20170120_Trump_inauguration_0061,"[ 0.01499967 -0.00700168 -0.03074042 ... -0.02799229 -0.03044823
  0.06111213]"
418,20170126_Trump_ABC_0107,"[-0.04827726 -0.02723672 -0.02446152 ...  0.03082188  0.01373784
 -0.02906216]"
419,20170126_Trump_ABC_0107,"[-0.04827726 -0.02723672 -0.02446152 ...  0.03082188  0.01373784
 -0.02906216]"
420,20170126_Trump_ABC_0107,"[-0.04827726 -0.02723672 -0.02446152 ...  0.03082188  0.01373784
 -0.02906216]"
421,20170126_Trump_ABC_0107,"[-0.04827726 -0.02723672 -0.02446152 ...  0.03082188  0.01373784
 -0.02906216]"
422,20170126_Trump_ABC_0107,"[-0.04827726 -0.02723672 -0.02446152 ...  0.03082188  0.01373784
 -0.02906216]"
423,20170126_Trump_ABC_0107,"[-0.04827726 -0.02723672 -0.02446152 ...  0.03082188  0.01373784
 -0.02906216]"
424,20170126_Trump_ABC_0107,"[-0.04827726 -0.02723672 -0.02446152 ...  0.03082188  0.01373784
 -0.02906216]"
425,20170126_Trump_ABC_0107,"[-0.04827726 -0.02723672 -0.02446152 ...  0.03082188  0.01373784
 -0.02906216]"
426,20170126_Trump_ABC_0110,"[-0.02163725 -0.04036834  0.03243768 ... -0.0006614   0.03216524
 -0.01264545]"
427,20170126_Trump_ABC_0110,"[-0.02163725 -0.04036834  0.03243768 ... -0.0006614   0.03216524
 -0.01264545]"
428,20170126_Trump_ABC_0110,"[-0.02163725 -0.04036834  0.03243768 ... -0.0006614   0.03216524
 -0.01264545]"
429,20170126_Trump_ABC_0110,"[-0.02163725 -0.04036834  0.03243768 ... -0.0006614   0.03216524
 -0.01264545]"
430,20170126_Trump_ABC_0110,"[-0.02163725 -0.04036834  0.03243768 ... -0.0006614   0.03216524
 -0.01264545]"
431,20170126_Trump_ABC_0110,"[-0.02163725 -0.04036834  0.03243768 ... -0.0006614   0.03216524
 -0.01264545]"
432,20170126_Trump_ABC_0110,"[-0.02163725 -0.04036834  0.03243768 ... -0.0006614   0.03216524
 -0.01264545]"
433,20170126_Trump_ABC_0110,"[-0.02163725 -0.04036834  0.03243768 ... -0.0006614   0.03216524
 -0.01264545]"
434,20170126_Trump_ABC_0103,"[-0.03252975 -0.00418851 -0.03321602 ...  0.00460578  0.02185966
  0.03508676]"
435,20170126_Trump_ABC_0103,"[-0.03252975 -0.00418851 -0.03321602 ...  0.00460578  0.02185966
  0.03508676]"
436,20170126_Trump_ABC_0103,"[-0.03252975 -0.00418851 -0.03321602 ...  0.00460578  0.02185966
  0.03508676]"
437,20170126_Trump_ABC_0103,"[-0.03252975 -0.00418851 -0.03321602 ...  0.00460578  0.02185966
  0.03508676]"
438,20170126_Trump_ABC_0103,"[-0.03252975 -0.00418851 -0.03321602 ...  0.00460578  0.02185966
  0.03508676]"
439,20170126_Trump_ABC_0103,"[-0.03252975 -0.00418851 -0.03321602 ...  0.00460578  0.02185966
  0.03508676]"
440,20170126_Trump_ABC_0103,"[-0.03252975 -0.00418851 -0.03321602 ...  0.00460578  0.02185966
  0.03508676]"
441,20170126_Trump_ABC_0103,"[-0.03252975 -0.00418851 -0.03321602 ...  0.00460578  0.02185966
  0.03508676]"
442,20170126_Trump_ABC_0121,"[ 0.01577411 -0.02911103 -0.00928649 ... -0.02300679  0.02987912
  0.03310372]"
443,20170126_Trump_ABC_0133,"[-0.02679757  0.03886211 -0.05095286 ... -0.02397968 -0.00480256
 -0.01167407]"
444,20170126_Trump_ABC_0178,"[ 0.0147923  -0.00655788 -0.00912219 ... -0.0315828  -0.02351151
 -0.04267862]"
445,20170126_Trump_ABC_0180,"[ 0.03418225  0.01115154 -0.00045185 ...  0.02572473  0.01614523
 -0.00982452]"
446,20170126_Trump_ABC_0679,"[-0.00065189 -0.02551518  0.05251605 ...  0.01313854  0.02647489
 -0.0067032 ]"
447,20170126_Trump_ABC_0680,"[ 0.01663819 -0.05060327  0.06101584 ... -0.00468782  0.03865412
  0.01468704]"
448,20170126_Trump_ABC_0319,"[-0.02893149 -0.03470277  0.0523617  ... -0.03319931 -0.03499717
  0.03431309]"
449,20170126_Trump_ABC_0420,"[ 0.02229925 -0.06090376 -0.01577009 ... -0.0185873   0.01171088
  0.02915781]"
450,20170205_Trump_Oreilly_0141,"[ 0.05132028  0.04829452 -0.05191348 ... -0.03024873 -0.04119194
  0.02220206]"
451,20170205_Trump_Oreilly_0216,"[ 0.05244041  0.02201405 -0.03654423 ...  0.04521065 -0.03266605
  0.03892739]"
452,20170205_Trump_Oreilly_0216,"[ 0.05244041  0.02201405 -0.03654423 ...  0.04521065 -0.03266605
  0.03892739]"
453,20170205_Trump_Oreilly_0354,"[-0.01372896 -0.00473713 -0.00300869 ...  0.01881245 -0.00533033
 -0.00804649]"
454,20170205_Trump_Oreilly_0360,"[-0.04177492 -0.02276827 -0.03784383 ...  0.01877071  0.0011384
  0.01566604]"
455,20170205_Trump_Oreilly_0360,"[-0.04177492 -0.02276827 -0.03784383 ...  0.01877071  0.0011384
  0.01566604]"
456,20170205_Trump_Oreilly_0360,"[-0.04177492 -0.02276827 -0.03784383 ...  0.01877071  0.0011384
  0.01566604]"
457,20170205_Trump_Oreilly_0186,"[ 0.03136319  0.03528946 -0.03377614 ...  0.01959234  0.00951218
 -0.00155495]"
458,20170205_Trump_Oreilly_0186,"[ 0.03136319  0.03528946 -0.03377614 ...  0.01959234  0.00951218
 -0.00155495]"
459,20170205_Trump_Oreilly_0185,"[ 0.06370641  0.02075153 -0.00855801 ... -0.0142813   0.00296279
 -0.00159425]"
460,20170205_Trump_Oreilly_0185,"[ 0.06370641  0.02075153 -0.00855801 ... -0.0142813   0.00296279
 -0.00159425]"
461,20170205_Trump_Oreilly_0038,"[ 0.05049787  0.01211323  0.00299221 ...  0.00496757 -0.02973349
  0.02872611]"
462,20170205_Trump_Oreilly_0038,"[ 0.05049787  0.01211323  0.00299221 ...  0.00496757 -0.02973349
  0.02872611]"
463,20170207_Sanders_Cruz_healthcare_debate_0032,"[-0.02080287  0.05837033 -0.02249776 ... -0.02232761 -0.01611988
  0.03968922]"
464,20170207_Sanders_Cruz_healthcare_debate_0041,"[ 0.03566552  0.05011126 -0.05365416 ...  0.0036363   0.03811034
  0.04054597]"
465,20170207_Sanders_Cruz_healthcare_debate_0624,"[-0.01035071  0.01398576  0.00165753 ... -0.01765522 -0.00747767
  0.03433513]"
466,20170207_Sanders_Cruz_healthcare_debate_0265,"[ 0.0003828  -0.03148498 -0.04284177 ...  0.01173134  0.03939199
  0.04954918]"
467,20170207_Sanders_Cruz_healthcare_debate_0314,"[-0.0034215   0.0169704   0.00223458 ... -0.00502891 -0.0280134
  0.01735191]"
468,20170207_Sanders_Cruz_healthcare_debate_0360,"[-0.03764103 -0.02105972 -0.05213265 ...  0.00402476 -0.01815176
  0.04705996]"
469,20170207_Sanders_Cruz_healthcare_debate_0521,"[ 0.02293393  0.0468345  -0.02948453 ...  0.02317305  0.01988257
  0.00415779]"
470,20170207_Sanders_Cruz_healthcare_debate_0521,"[ 0.02293393  0.0468345  -0.02948453 ...  0.02317305  0.01988257
  0.00415779]"
471,20170207_Sanders_Cruz_healthcare_debate_0521,"[ 0.02293393  0.0468345  -0.02948453 ...  0.02317305  0.01988257
  0.00415779]"
472,20170207_Sanders_Cruz_healthcare_debate_0484,"[-0.0085531   0.02172221 -0.03441694 ...  0.00354969 -0.04002864
  0.01355236]"
473,20170207_Sanders_Cruz_healthcare_debate_0687,"[ 0.05786312  0.00601204 -0.06693211 ...  0.02453     0.02047496
  0.02437567]"
474,20170207_Sanders_Cruz_healthcare_debate_0687,"[ 0.05786312  0.00601204 -0.06693211 ...  0.02453     0.02047496
  0.02437567]"
475,20170207_Sanders_Cruz_healthcare_debate_0936,"[ 0.00370295  0.05091008 -0.05293744 ... -0.00369622  0.02750041
 -0.01892864]"
476,20170207_Sanders_Cruz_healthcare_debate_0123,"[-0.01274155  0.03598877 -0.03828002 ... -0.00882739  0.00010683
  0.01562283]"
477,20170216_Trump_press_conference_0105,"[-0.0344216   0.00456277 -0.00421622 ... -0.01457502  0.04785444
  0.02061064]"
478,20170216_Trump_press_conference_0106,"[ 0.0344949   0.02520133 -0.04536064 ... -0.00975454  0.04443504
  0.0112092 ]"
479,20170216_Trump_press_conference_0177,"[-0.00050436  0.0009422   0.01685288 ...  0.04617775  0.02871069
 -0.02563745]"
480,20170216_Trump_press_conference_0178,"[ 0.01680462  0.02410831 -0.02280815 ...  0.01599458 -0.04421034
  0.01494392]"
481,20170216_Trump_press_conference_0448,"[ 0.0125441   0.02151186 -0.03376876 ...  0.02770781  0.00169762
  0.01299422]"
482,20170216_Trump_press_conference_0036,"[-0.00798778 -0.00987924  0.06114766 ... -0.03766332 -0.01141366
  0.02927266]"
483,20170216_Trump_press_conference_0037,"[ 0.02532708  0.0181137  -0.0051062  ... -0.0549535  -0.0287631
  0.04857728]"
484,20170216_Trump_press_conference_0722,"[-0.00294823 -0.02544744 -0.05661291 ... -0.01417825  0.0005077
  0.01852362]"
485,20170216_Trump_press_conference_0277,"[-0.00393563  0.00573866  0.02008011 ...  0.00657069  0.02794617
 -0.04298399]"
486,20170216_Trump_press_conference_0471,"[ 0.0189682  -0.05137917 -0.02893559 ... -0.03237053 -0.02651518
 -0.05334956]"
487,20170216_Trump_press_conference_0543,"[ 0.03091066 -0.0390739  -0.03906003 ... -0.02181481  0.03451989
 -0.03722389]"
488,20170216_Trump_press_conference_0469,"[ 0.02338428  0.03393582 -0.06237786 ... -0.05479577  0.00684855
  0.04655001]"
489,20170216_Trump_press_conference_0963,"[ 0.00684575  0.02431715 -0.06591325 ...  0.01155932 -0.00798029
  0.01032761]"
490,20170218_Trump_Florida_0156,"[ 0.00515522  0.03483373  0.03115874 ...  0.02747471 -0.01681943
 -0.0182547 ]"
491,20170218_Trump_Florida_0161,"[ 0.00072802  0.04053435  0.02281834 ...  0.02291742 -0.02608348
 -0.00988552]"
492,20170218_Trump_Florida_0379,"[ 0.01378903 -0.04975531 -0.01769125 ...  0.0029471   0.03881409
 -0.0168266 ]"
493,20170218_Trump_Florida_0331,"[ 0.02313734 -0.03034252 -0.02407512 ... -0.04056608 -0.01786684
  0.03419297]"
494,20170224_Tump_CPAC_0200,"[ 0.02288398  0.02066223 -0.01989115 ...  0.00702628  0.03393742
 -0.0003355 ]"
495,20170224_Tump_CPAC_0223,"[ 0.01362842  0.00667397 -0.02081438 ...  0.03979724  0.01405532
 -0.03163491]"
496,20170224_Tump_CPAC_0224,"[ 0.01179782 -0.03032541 -0.0037267  ...  0.00120047  0.05630026
  0.0401286 ]"
497,20170224_Tump_CPAC_0261,"[ 0.01801965  0.03763959 -0.03027197 ...  0.00498899  0.02181548
  0.0257875 ]"
498,20170224_Tump_CPAC_0422,"[ 0.01839786  0.02811444  0.05179167 ...  0.0228272  -0.01287033
  0.01775131]"
499,20170224_Tump_CPAC_0257,"[ 0.02874029 -0.04157041  0.04239955 ... -0.01471361  0.00444823
  0.02293614]"
500,20170224_Tump_CPAC_0337,"[ 0.03126432 -0.02873426 -0.02503109 ...  0.0282855   0.02477356
  0.0540617 ]"
501,20170228_Trump_Congress_joint_session_0202,"[-0.01761216  0.03449915  0.0430238  ...  0.02545547  0.00966936
  0.03212319]"
502,20170228_Trump_Congress_joint_session_0320,"[ 0.00854501  0.0462209  -0.03933559 ...  0.02918983 -0.00307339
  0.0517308 ]"
503,20170228_Trump_Congress_joint_session_0322,"[ 0.02991301  0.05399601 -0.02193918 ...  0.01734478 -0.0136327
  0.01968165]"
504,20170228_Trump_Congress_joint_session_0086,"[ 0.04100713 -0.0370216  -0.01215323 ...  0.04252839  0.03926542
  0.02800968]"
505,20170228_Trump_Congress_joint_session_0088,"[ 0.01915509 -0.04075835  0.03872031 ... -0.02604213  0.00923318
 -0.00669218]"
506,20170228_Trump_Congress_joint_session_0047,"[-0.00851575  0.05405026 -0.0569593  ...  0.05583848  0.02070563
  0.03907106]"
507,20170228_Trump_Congress_joint_session_0077,"[ 0.03688149 -0.01647004  0.05062326 ...  0.03703745 -0.02797348
  0.0297273 ]"
508,20170228_Trump_Congress_joint_session_0079,"[ 0.01414817 -0.0339911  -0.01905451 ... -0.02884324  0.01687413
  0.04727409]"
509,20170228_Trump_Congress_joint_session_0187,"[ 0.019263    0.02217694 -0.04649122 ...  0.01129586 -0.00994273
  0.01499203]"
510,20170228_Trump_Congress_joint_session_0137,"[ 0.0106858   0.00509968  0.00587411 ...  0.02760815 -0.04055554
  0.01530313]"
511,20170228_Trump_Congress_joint_session_0206,"[-0.00176362  0.01579269 -0.03184951 ... -0.0025547   0.03997249
 -0.02978571]"
512,20170228_Trump_Congress_joint_session_0213,"[ 0.0396198   0.01161615  0.02260044 ... -0.01887845  0.02726239
  0.02275821]"
513,20170228_Trump_Congress_joint_session_0349,"[ 0.05235574 -0.01295953 -0.05592496 ... -0.03762059 -0.01943375
  0.0565115 ]"
514,20170228_Trump_Congress_joint_session_0351,"[ 2.3523740e-02  4.0708393e-02 -6.3508026e-02 ... -5.0838284e-02
  7.8683424e-06  1.6538346e-02]"
515,20170228_Trump_Congress_joint_session_0353,"[-0.00908478 -0.0345657  -0.00874116 ...  0.02853152 -0.06702487
  0.04808338]"
516,20170315_Trump_Nashville_0296,"[-0.0459428   0.04082261  0.05904996 ...  0.02443911 -0.03474832
 -0.00305449]"
517,20170315_Trump_Nashville_0090,"[ 0.02461785  0.05424244  0.01940809 ...  0.02637018 -0.01122327
  0.03238085]"
518,20170315_Trump_Nashville_0177,"[-0.00539659 -0.03113496 -0.04104716 ...  0.04953231  0.01672311
  0.04803238]"
519,20170323_Trump_Times_Interview_0018,"[-0.01406636 -0.04420986  0.02137661 ... -0.01966888  0.00168292
  0.03282468]"
520,20170323_Trump_Times_Interview_0067,"[-0.0355251  -0.034024    0.02779514 ... -0.05111312 -0.04067658
  0.01280951]"
521,20170323_Trump_Times_Interview_0067,"[-0.0355251  -0.034024    0.02779514 ... -0.05111312 -0.04067658
  0.01280951]"
522,20170323_Trump_Times_Interview_0077,"[-0.02758846 -0.04164579  0.03397347 ... -0.03026396 -0.00027907
 -0.01569692]"
523,20170323_Trump_Times_Interview_0022,"[-0.03947403 -0.04303094  0.00626872 ... -0.0516866   0.00359311
 -0.04299094]"
524,20170323_Trump_Times_Interview_0023,"[ 0.03904852  0.01580436 -0.04129585 ... -0.02085984  0.00084807
  0.02776184]"
525,20170323_Trump_Times_Interview_0024,"[ 0.00998189 -0.05015947 -0.01322167 ...  0.04233293 -0.02547344
  0.04560133]"
526,20170323_Trump_Times_Interview_0185,"[ 0.0464678  -0.01296565 -0.03647645 ...  0.03577703 -0.04727245
  0.04997752]"
527,20170323_Trump_Times_Interview_0075,"[-0.01172642 -0.01566776 -0.03143451 ... -0.01562444 -0.01865
  0.0062623 ]"
528,20170323_Trump_Times_Interview_0075,"[-0.01172642 -0.01566776 -0.03143451 ... -0.01562444 -0.01865
  0.0062623 ]"
529,20170323_Trump_Times_Interview_0149,"[ 0.01293155  0.04311284  0.0212932  ... -0.02682294  0.04323566
 -0.01348926]"
530,20170323_Trump_Times_Interview_0270,"[ 0.03722164 -0.02037077 -0.04860096 ...  0.01743243 -0.0304355
  0.04328014]"
531,20170323_Trump_Times_Interview_0270,"[ 0.03722164 -0.02037077 -0.04860096 ...  0.01743243 -0.0304355
  0.04328014]"
532,20170323_Trump_Times_Interview_0270,"[ 0.03722164 -0.02037077 -0.04860096 ...  0.01743243 -0.0304355
  0.04328014]"
533,20170404_Trump_CEO_TownHall_0103,"[ 0.04903156  0.01902535 -0.03839322 ...  0.01558078  0.02955307
 -0.04033559]"
534,20170404_Trump_CEO_TownHall_0103,"[ 0.04903156  0.01902535 -0.03839322 ...  0.01558078  0.02955307
 -0.04033559]"
535,20170404_Trump_CEO_TownHall_0105,"[ 0.0424804  -0.02111207  0.00342258 ...  0.01654504  0.03642758
 -0.04177531]"
536,20170404_Trump_CEO_TownHall_0105,"[ 0.0424804  -0.02111207  0.00342258 ...  0.01654504  0.03642758
 -0.04177531]"
537,20170404_Trump_CEO_TownHall_0304,"[ 0.02245839 -0.02272328 -0.00987183 ...  0.03751744 -0.01001454
 -0.01054727]"
538,20170404_Trump_CEO_TownHall_0305,"[ 1.7750182e-05  1.3470886e-02  2.8552776e-02 ...  2.5484923e-02
 -3.8670477e-02  1.3716352e-02]"
539,20170404_Trump_CEO_TownHall_0307,"[ 0.01782906 -0.02887497 -0.00993884 ...  0.03646603 -0.01949335
 -0.00683674]"
540,20170404_Trump_CEO_TownHall_0287,"[ 0.03990536 -0.0307537  -0.04217265 ...  0.01533242 -0.03306686
  0.0109656 ]"
541,20170404_Trump_CEO_TownHall_0293,"[ 0.04954775 -0.01320149  0.00425076 ...  0.05237307  0.01104134
  0.05587346]"
542,20170424_Trump_AP_interview_0070,"[ 0.00451655  0.04107247 -0.0434996  ...  0.03822932 -0.03205582
  0.04508822]"
543,20170424_Trump_AP_interview_0535,"[ 0.01799705  0.00237121  0.00269975 ... -0.0451436   0.00248018
 -0.01563502]"
544,20170424_Trump_AP_interview_0412,"[ 0.02796011  0.00725536 -0.03873696 ... -0.05196783  0.02003006
 -0.04647657]"
545,20170424_Trump_AP_interview_0387,"[ 0.01328341 -0.00226426 -0.00116062 ...  0.00351977 -0.02560288
 -0.02531156]"
546,20170424_Trump_AP_interview_0387,"[ 0.01328341 -0.00226426 -0.00116062 ...  0.00351977 -0.02560288
 -0.02531156]"
547,20170430_Trumo_CBS_FactTheNation_0511,"[-0.02206623 -0.017846   -0.05404952 ... -0.03783019 -0.01360682
 -0.00686131]"
548,20170430_Trumo_CBS_FactTheNation_0007,"[ 0.03354241 -0.02893378 -0.00817016 ... -0.01929673 -0.00178202
  0.01772009]"
549,20170512_Trump_NBC_holt_interview_0184,"[-0.0091247  -0.02059634  0.03315637 ... -0.06325321 -0.02412114
 -0.02356092]"
550,20170601_Trump_Paris_Climate_0059,"[ 0.04026482  0.01584412 -0.01381082 ...  0.00789588 -0.02070454
  0.04039141]"
551,20170713_Trump_Roberston_interiew_0079,"[ 0.00807643  0.02720618 -0.00135578 ...  0.02502501 -0.02977549
  0.0197576 ]"
552,20170713_Trump_Roberston_interiew_0244,"[-0.052141   -0.02191507  0.04606244 ... -0.04472094 -0.01912571
 -0.03728704]"
553,20170713_Trump_Roberston_interiew_0249,"[-0.00726651 -0.04007131  0.00762506 ... -0.0056638  -0.03404792
 -0.01920845]"
554,20170713_Trump_Roberston_interiew_0257,"[-0.02281612 -0.02576743 -0.00846771 ... -0.03694582 -0.0571467
 -0.05925022]"
555,20170713_Trump_Roberston_interiew_0257,"[-0.02281612 -0.02576743 -0.00846771 ... -0.03694582 -0.0571467
 -0.05925022]"
556,20170713_Trump_Roberston_interiew_0313,"[ 0.03993035  0.00902852 -0.01754354 ...  0.03413815  0.01726403
 -0.03395655]"
557,20170713_Trump_Roberston_interiew_0313,"[ 0.03993035  0.00902852 -0.01754354 ...  0.03413815  0.01726403
 -0.03395655]"
558,20170713_Trump_Roberston_interiew_0314,"[ 0.05339643  0.01812798 -0.02513085 ...  0.01503906 -0.00822279
 -0.04403142]"
559,20170713_Trump_Roberston_interiew_0314,"[ 0.05339643  0.01812798 -0.02513085 ...  0.01503906 -0.00822279
 -0.04403142]"
560,20170724_Trump_Healthcare_0095,"[ 0.03663982  0.02319597  0.00684441 ... -0.0129542   0.03838644
  0.01435778]"
561,20170803_Trump_WV_0163,"[ 0.01633364 -0.00842882 -0.00112094 ...  0.0093153  -0.02720824
  0.01311392]"
562,20170822_Trump_phoenix_0204,"[-0.01675302  0.00879466 -0.03439094 ... -0.00368083 -0.04783425
 -0.01184341]"
563,20170822_Trump_phoenix_0259,"[ 0.02465182  0.03790735  0.02342245 ... -0.02186645 -0.05925858
 -0.0037368 ]"
564,20170822_Trump_phoenix_0017,"[-0.01529142 -0.05256788  0.05932069 ... -0.02844403 -0.00077747
  0.03999025]"
565,20170822_Trump_phoenix_0116,"[ 0.0535112   0.03945633  0.01571967 ...  0.03721501  0.00840965
 -0.01272032]"
566,20170822_Trump_phoenix_0509,"[ 0.0399816   0.05541962  0.0212936  ...  0.03698803 -0.01728826
  0.03924916]"
567,20170822_Trump_phoenix_0509,"[ 0.0399816   0.05541962  0.0212936  ...  0.03698803 -0.01728826
  0.03924916]"
568,20170822_Trump_phoenix_0604,"[ 0.04436934  0.05503618 -0.03405401 ... -0.00335115 -0.02193777
  0.02243221]"
569,20170822_Trump_phoenix_0424,"[-0.01281556 -0.0039424  -0.04480138 ...  0.02074636 -0.04564337
  0.02395942]"
570,20170822_Trump_phoenix_0325,"[-0.01148468  0.00194799  0.0162835  ...  0.01833295 -0.04092321
  0.020545  ]"
571,20170919_Trump_UNGA_0149,"[-0.01817298  0.02018821 -0.04269282 ...  0.01006651  0.01371671
  0.04179909]"
572,20170919_Trump_UNGA_0150,"[ 0.01542952  0.00637304  0.02157748 ...  0.03399637 -0.0278158
 -0.01660925]"
573,20170919_Trump_UNGA_0042,"[-0.0460371   0.02257506 -0.04736829 ... -0.03187968  0.00280406
 -0.00130607]"
574,20170919_Trump_UNGA_0103,"[ 0.045321    0.03110013 -0.0129513  ...  0.01907838 -0.00040016
  0.0111342 ]"
575,20180426_Trump_Fox_Friends_0036,"[ 0.02982073  0.01239159 -0.03020585 ...  0.02533079 -0.03166325
 -0.03072301]"
576,20180426_Trump_Fox_Friends_0038,"[ 0.05382665  0.00923911  0.03452813 ...  0.04468812  0.00819662
 -0.00489238]"
577,20180426_Trump_Fox_Friends_0038,"[ 0.05382665  0.00923911  0.03452813 ...  0.04468812  0.00819662
 -0.00489238]"
578,20180426_Trump_Fox_Friends_0315,"[-0.00145577  0.01403415 -0.00694757 ... -0.02429814 -0.04347716
  0.03946767]"
579,20180426_Trump_Fox_Friends_0316,"[ 0.02270733  0.03747195 -0.02814565 ...  0.00719758 -0.04896187
  0.03973285]"
580,20180426_Trump_Fox_Friends_0317,"[-0.02019567  0.04166846 -0.04897972 ... -0.01263849 -0.03120651
  0.02049696]"
581,20180426_Trump_Fox_Friends_0544,"[ 0.022216   -0.00609982 -0.04136487 ... -0.05734837  0.00813193
 -0.00281635]"
582,20180426_Trump_Fox_Friends_0545,"[ 0.01903399  0.02508911 -0.02711733 ...  0.00913246 -0.0105681
 -0.02472345]"
583,20180426_Trump_Fox_Friends_0545,"[ 0.01903399  0.02508911 -0.02711733 ...  0.00913246 -0.0105681
 -0.02472345]"
584,20180426_Trump_Fox_Friends_0553,"[ 0.01680139 -0.00685549 -0.00852741 ...  0.03242192 -0.00510643
 -0.0214503 ]"
585,20180426_Trump_Fox_Friends_0554,"[-0.02560842 -0.02717634  0.01607643 ... -0.05369248  0.03133217
 -0.03072625]"
586,20180504_Trumo_NRA_0381,"[ 0.0484151   0.0464673  -0.0437844  ...  0.03259609  0.00125457
  0.02358317]"
587,20180504_Trumo_NRA_0408,"[ 0.06353804 -0.00803105 -0.00556937 ...  0.04631229 -0.01429358
  0.05908703]"
588,20180504_Trumo_NRA_0132,"[ 0.05260079 -0.0305143  -0.04446249 ... -0.01289958  0.01126653
 -0.04902743]"
589,20180504_Trumo_NRA_0133,"[ 0.05105731 -0.00090458 -0.01682789 ... -0.03150288 -0.03481432
 -0.02635622]"
590,20180504_Trumo_NRA_0134,"[ 0.03501202 -0.03326575  0.0005486  ... -0.03840733  0.04115324
 -0.0456206 ]"
591,20180504_Trumo_NRA_0345,"[ 0.02211433  0.04526991 -0.02373842 ...  0.03545614 -0.00038399
 -0.01809378]"
592,20180504_Trumo_NRA_0378,"[ 0.03824712 -0.01492304  0.00145723 ... -0.01996149  0.02066703
  0.02271657]"
593,20180525_Trump_Naval_0176,"[ 0.04256363  0.03726046  0.02323286 ...  0.01568434 -0.05084732
 -0.03873155]"
594,20180612_Trump_Singapore_0436,"[ 0.02968603 -0.03050361 -0.05361899 ... -0.02807749 -0.03096399
  0.04130919]"
595,20180612_Trump_Singapore_0438,"[ 0.03846491  0.01254759  0.05276537 ...  0.03712561 -0.045947
 -0.00752319]"
596,20180612_Trump_Singapore_0438,"[ 0.03846491  0.01254759  0.05276537 ...  0.03712561 -0.045947
 -0.00752319]"
597,20180615_Trump_lawn_0219,"[ 0.01439787  0.01936506 -0.00137992 ...  0.05150004 -0.00626721
  0.04623087]"
598,20180615_Trump_lawn_0220,"[ 0.04030066  0.0063605   0.02589897 ...  0.02066894 -0.01500494
 -0.01315693]"
599,20180615_Trump_lawn_0221,"[-0.0163269   0.01165082 -0.02760455 ... -0.01847422  0.00441484
 -0.02574151]"
600,20180615_Trump_lawn_0163,"[-0.00174931 -0.0334073  -0.01174501 ...  0.02966987 -0.00879606
 -0.03908297]"
601,20180615_Trump_lawn_0164,"[ 0.03843565  0.01721047 -0.04711403 ...  0.0199678  -0.02534293
 -0.00518061]"
602,20180615_Trump_lawn_0160,"[-0.02108781 -0.02231372  0.03291735 ... -0.0064019   0.00876313
 -0.04647316]"
603,20180615_Trump_lawn_0442,"[ 0.03647328 -0.00575343 -0.047111   ... -0.04382037 -0.01502708
  0.04104294]"
604,20180628_Trump_NorthDakota_0295,"[ 0.05540428 -0.00815816 -0.00318882 ...  0.02756125 -0.00608933
  0.05955219]"
605,20180628_Trump_NorthDakota_0346,"[-0.01357839 -0.04990039 -0.0043965  ...  0.00263696  0.012187
  0.01386803]"
606,20180628_Trump_NorthDakota_0346,"[-0.01357839 -0.04990039 -0.0043965  ...  0.00263696  0.012187
  0.01386803]"
607,20180628_Trump_NorthDakota_0348,"[ 0.03411911 -0.00360181  0.03853105 ...  0.03043557  0.03496673
  0.01663923]"
608,20180628_Trump_NorthDakota_0348,"[ 0.03411911 -0.00360181  0.03853105 ...  0.03043557  0.03496673
  0.01663923]"
609,20180628_Trump_NorthDakota_0568,"[-0.00508397  0.02978138  0.0065858  ...  0.00260797 -0.0452747
 -0.03392733]"
610,20180712_Trump_NATO_0008,"[ 0.01230589  0.033772   -0.04227031 ... -0.00707493 -0.03554462
  0.03131286]"
611,20180712_Trump_NATO_0009,"[ 0.0253523  -0.00012386  0.05628623 ... -0.00570799 -0.03333338
 -0.02653822]"
612,20180712_Trump_NATO_0067,"[-0.00316594 -0.00812082 -0.03907011 ...  0.03809523 -0.05215355
  0.00927735]"
613,20180712_Trump_NATO_0521,"[ 0.0001305   0.0032578  -0.05141822 ...  0.03353932  0.04481689
 -0.03128452]"
614,20180712_Trump_NATO_0647,"[ 0.05959639  0.04812565 -0.05461428 ... -0.00137069  0.00825343
  0.01197151]"
615,20180712_Trump_NATO_0648,"[ 0.05798529  0.06059024 -0.04758647 ... -0.0150871   0.01034757
  0.02557381]"
616,20180731_Trump_Tampa_0323,"[-0.03377842 -0.02559392 -0.03087443 ... -0.0330033   0.03388674
  0.03341769]"
617,20180731_Trump_Tampa_0381,"[ 0.02589384 -0.03546072 -0.03901947 ...  0.02448292  0.01606576
  0.02288724]"
618,20180731_Trump_Tampa_0257,"[ 0.03589851  0.02186841  0.01101031 ...  0.00752574 -0.00196701
  0.04830052]"
619,20180731_Trump_Tampa_0261,"[ 0.05985693  0.04127046 -0.02717225 ...  0.00279772 -0.00603711
 -0.03954771]"
620,20180731_Trump_Tampa_0377,[0.0305266  0.03279255 0.02451095 ... 0.03058039 0.02254237 0.02762807]
621,20180731_Trump_Tampa_0373,"[ 0.05352044 -0.02735312 -0.02066914 ...  0.00852073 -0.00129837
  0.05191881]"
622,20180731_Trump_Tampa_0373,"[ 0.05352044 -0.02735312 -0.02066914 ...  0.00852073 -0.00129837
  0.05191881]"
623,20180731_Trump_Tampa_0446,"[ 0.0091072   0.02992979 -0.04119336 ...  0.0191544   0.01389013
  0.0081747 ]"
624,20180821_Trump_Charleston_0036,"[ 0.02139064 -0.01665631  0.01520694 ... -0.01227932 -0.01092364
  0.01946231]"
625,20180821_Trump_Charleston_0037,"[-0.0116866  -0.00751141 -0.01590895 ...  0.0083291  -0.03985176
  0.03390107]"
626,20180821_Trump_Charleston_0651,"[-0.00432611  0.045642   -0.0169578  ...  0.02166976  0.00305896
 -0.00150696]"
627,20180821_Trump_Charleston_0666,"[ 0.04936786  0.0264473  -0.04170014 ...  0.04064284 -0.01307724
  0.01990422]"
628,20180821_Trump_Charleston_0570,"[ 0.04276377 -0.02257725 -0.04445321 ...  0.03678407 -0.05248387
  0.05223082]"
629,20180821_Trump_Charleston_0314,"[ 0.03709203 -0.00881138  0.01201679 ...  0.02200415  0.02392717
 -0.02355656]"
630,20180821_Trump_Charleston_0320,"[ 0.00601175 -0.0382465   0.05181995 ...  0.0136039  -0.00138692
  0.00309695]"
631,20180821_Trump_Charleston_0340,"[ 0.00781588 -0.04431861  0.00419605 ...  0.03109971  0.02592205
 -0.0194058 ]"
632,20181015_60_min_0001,"[ 0.01685018  0.0006628   0.03543152 ... -0.04700989 -0.0476284
 -0.03372288]"
633,20181015_60_min_0001,"[ 0.01685018  0.0006628   0.03543152 ... -0.04700989 -0.0476284
 -0.03372288]"
634,20181015_60_min_0004,"[ 0.00603002  0.00291675  0.01841475 ... -0.04808262 -0.01512649
 -0.00466979]"
635,20181015_60_min_0004,"[ 0.00603002  0.00291675  0.01841475 ... -0.04808262 -0.01512649
 -0.00466979]"
636,20181015_60_min_0005,"[ 0.00888275 -0.03466726 -0.02749482 ... -0.04099591  0.02109694
 -0.0438677 ]"
637,20181015_60_min_0209,"[ 0.05020437  0.01594646 -0.03830958 ...  0.02568713 -0.01779726
  0.01719932]"
638,20181015_60_min_0209,"[ 0.05020437  0.01594646 -0.03830958 ...  0.02568713 -0.01779726
  0.01719932]"
639,20181015_60_min_0209,"[ 0.05020437  0.01594646 -0.03830958 ...  0.02568713 -0.01779726
  0.01719932]"
640,20181015_60_min_0264,"[ 3.8425952e-02  7.7676708e-03 -5.7342600e-02 ...  5.2654352e-02
  1.9195568e-05  2.1834360e-02]"
641,20181015_60_min_0300,"[ 0.02883674 -0.03631176 -0.05695628 ...  0.00045959 -0.00347928
  0.02746962]"
642,20181015_60_min_0373,"[ 0.05676711 -0.00048988  0.00041431 ...  0.04136556  0.03145743
  0.00169778]"
643,20181015_60_min_0397,"[ 0.05197721  0.01990695 -0.00335602 ...  0.01903735  0.0432185
  0.0242758 ]"
644,20181015_60_min_0397,"[ 0.05197721  0.01990695 -0.00335602 ...  0.01903735  0.0432185
  0.0242758 ]"
645,20181015_60_min_0401,"[-0.02339749 -0.04669899  0.0075514  ... -0.0591798  -0.04190181
 -0.01784285]"
646,20181015_60_min_0401,"[-0.02339749 -0.04669899  0.0075514  ... -0.0591798  -0.04190181
 -0.01784285]"
647,20181015_60_min_0402,"[ 0.00497703 -0.02205572 -0.00501182 ... -0.06538124 -0.0322478
 -0.04554148]"
648,20181015_60_min_0402,"[ 0.00497703 -0.02205572 -0.00501182 ... -0.06538124 -0.0322478
 -0.04554148]"
649,20181015_60_min_0405,"[ 0.03642085  0.01451956  0.03091303 ... -0.00923078  0.05252361
  0.02495835]"
650,20181015_60_min_0405,"[ 0.03642085  0.01451956  0.03091303 ... -0.00923078  0.05252361
  0.02495835]"
651,20181015_60_min_0086,"[ 0.04478046 -0.00318638  0.00214414 ... -0.0122033   0.00802674
  0.00958065]"
652,20181102_Trump_Huntington_0160,"[ 0.03117362 -0.02063807 -0.00641905 ... -0.01069548 -0.01309474
  0.02728292]"
653,20181102_Trump_Huntington_0169,"[ 0.04862822 -0.02302554  0.0185906  ...  0.02489831  0.01855761
  0.04536292]"
654,20181102_Trump_Huntington_0494,"[ 0.03130602 -0.00616994 -0.03656656 ...  0.03257355 -0.00043601
  0.05346824]"
655,20181102_Trump_Huntington_0148,"[ 0.04803275  0.00288427 -0.01173265 ...  0.00500293  0.02495945
 -0.01956593]"
656,20181102_Trump_Huntington_0148,"[ 0.04803275  0.00288427 -0.01173265 ...  0.00500293  0.02495945
 -0.01956593]"
657,20181102_Trump_Huntington_0156,"[-0.00285787  0.00336334  0.02321494 ...  0.01778992  0.03424801
  0.02556112]"
658,20181102_Trump_Huntington_0157,"[ 0.04702128  0.00031726 -0.01719081 ...  0.02041108  0.00115732
  0.0561669 ]"
659,20181102_Trump_Huntington_0665,"[ 0.05611711  0.02334888  0.03874465 ...  0.00508937 -0.03972296
 -0.01827942]"
660,20181112_trump_pelosi_0292,"[ 0.03488317 -0.04841517  0.03287502 ... -0.00973553 -0.02853579
  0.05996729]"
661,20181112_trump_pelosi_0292,"[ 0.03488317 -0.04841517  0.03287502 ... -0.00973553 -0.02853579
  0.05996729]"
662,20181112_trump_pelosi_0293,"[ 0.02042548 -0.00637583 -0.05337395 ... -0.02507186 -0.01854998
  0.01463471]"
663,20181112_trump_pelosi_0293,"[ 0.02042548 -0.00637583 -0.05337395 ... -0.02507186 -0.01854998
  0.01463471]"
664,20181112_trump_pelosi_0183,"[ 0.0468882  -0.01472135 -0.02401259 ...  0.01576015  0.02077327
 -0.00747665]"
665,20181112_trump_pelosi_0358,"[-0.01781828 -0.0178117   0.02301734 ...  0.03989256 -0.03768614
  0.00637845]"
666,20190304_Trump_CPAC_1553,"[-0.01162711 -0.01847358 -0.02305252 ...  0.03162717  0.05116471
  0.01203231]"
667,20190304_Trump_CPAC_1561,"[ 0.03605776 -0.03025001  0.0013736  ...  0.06401717  0.01546635
  0.0157943 ]"
668,20190304_Trump_CPAC_1797,"[ 0.05850501  0.04459421 -0.01205946 ...  0.04487505  0.04453599
 -0.03449823]"
669,20190304_Trump_CPAC_1806,"[ 0.0491196   0.02665422 -0.01295723 ...  0.04878241  0.03291419
 -0.02975231]"
670,20190304_Trump_CPAC_1578,"[ 0.02662114  0.0513143   0.02211022 ...  0.02070577  0.05715112
 -0.02806876]"
671,20190304_Trump_CPAC_1578,"[ 0.02662114  0.0513143   0.02211022 ...  0.02070577  0.05715112
 -0.02806876]"
672,20190304_Trump_CPAC_0567,"[-0.00224073  0.00768354 -0.04536279 ...  0.01317722  0.02128262
 -0.00149829]"
673,20190304_Trump_CPAC_1180,"[-0.0108038   0.02999496  0.00434838 ...  0.01524325  0.01758261
 -0.02750677]"
674,20190304_Trump_CPAC_0276,"[ 0.02846703 -0.03311604  0.0287869  ...  0.05163059 -0.00935703
  0.00307521]"
675,20190304_Trump_CPAC_1412,"[-0.01542923  0.03510901 -0.04099167 ... -0.04008364 -0.03534056
  0.05030014]"
676,20190304_Trump_CPAC_1521,"[ 0.00187712  0.03538077 -0.05161949 ...  0.03792856 -0.02210022
  0.02843902]"
677,20190304_Trump_CPAC_1521,"[ 0.00187712  0.03538077 -0.05161949 ...  0.03792856 -0.02210022
  0.02843902]"
678,20190304_Trump_CPAC_1522,"[-0.01605782  0.04951284  0.00436425 ...  0.02361772  0.01819975
 -0.04610085]"
679,20190304_Trump_CPAC_1522,"[-0.01605782  0.04951284  0.00436425 ...  0.02361772  0.01819975
 -0.04610085]"
680,20190619_Trump_Campain_Florida_0163,"[ 0.02120279 -0.00295159 -0.0090356  ...  0.03139354  0.02055896
 -0.01759793]"
681,20190619_Trump_Campain_Florida_0361,"[ 0.02432762  0.00140785  0.00363316 ... -0.04281344 -0.02923358
  0.04001264]"
682,20190730_democratic_debate_Detroit_1_0471,"[ 0.01738168  0.05966511  0.01045185 ...  0.04904354 -0.00792964
 -0.00394256]"
683,20190730_democratic_debate_Detroit_1_0472,"[-0.00139773  0.03637812 -0.0077893  ...  0.01329863  0.00545351
  0.01537396]"
684,20190730_democratic_debate_Detroit_1_0473,"[ 0.0464301  -0.03840778  0.05783788 ...  0.000447    0.03747532
  0.0339852 ]"
685,20190730_democratic_debate_Detroit_1_0521,"[-0.00728169 -0.00231634 -0.02354883 ...  0.01417112  0.05507871
 -0.02454728]"
686,20190730_democratic_debate_Detroit_1_0137,"[ 0.03014609  0.01683941 -0.01075511 ...  0.02558235  0.03831483
 -0.00491654]"
687,20190730_democratic_debate_Detroit_1_0138,"[ 0.01600246  0.05329091 -0.05260492 ...  0.02370131 -0.013212
  0.00410425]"
688,20190730_democratic_debate_Detroit_1_1540,"[ 0.04837699  0.03019254 -0.01921163 ... -0.05295928  0.02603807
  0.03153831]"
689,20190730_democratic_debate_Detroit_1_1541,"[ 3.3254903e-02  4.1315727e-02 -3.3046100e-02 ... -6.1405838e-02
  4.9909327e-02 -8.9203670e-05]"
690,20190730_democratic_debate_Detroit_1_1542,"[ 0.04905132  0.0529698   0.00953901 ... -0.03242118 -0.01977777
  0.02097815]"
691,20190730_democratic_debate_Detroit_1_1543,"[ 0.04574836  0.03520336 -0.00439084 ... -0.05458435  0.00472112
 -0.03717948]"
692,20190731_democratic_debate_Detroit_2_0586,"[ 0.04067406  0.03485821  0.03416619 ...  0.02684197  0.04896315
 -0.02655999]"
693,20190912_democratic_debate_0460,"[ 0.02893066  0.01212267  0.01078969 ... -0.02357535  0.01293392
 -0.03416205]"
694,20190912_democratic_debate_0461,"[-0.0468799  -0.03149747  0.05958638 ... -0.04425223  0.02174571
 -0.00934518]"
695,20190912_democratic_debate_0462,"[ 0.02059367  0.02393541  0.02099656 ... -0.00958845 -0.00065983
  0.01023714]"
696,20190912_democratic_debate_0364,"[-0.00382991  0.02663543 -0.03261559 ...  0.01021077 -0.01284059
 -0.0111294 ]"
697,20190912_democratic_debate_0739,"[ 0.01462654 -0.00564288  0.00020321 ... -0.00719303  0.02821625
  0.03787101]"
698,20190912_democratic_debate_0941,"[ 0.02544627 -0.01099984 -0.02521151 ... -0.00931935  0.01632769
 -0.04475388]"
699,20190912_democratic_debate_0942,"[ 0.04424138  0.01654888 -0.05308583 ... -0.02512224  0.02944483
 -0.00376293]"
700,20190912_democratic_debate_0584,"[ 0.03509261  0.02797349 -0.02245629 ...  0.03408236  0.02059344
 -0.05483899]"
701,20190912_democratic_debate_0910,"[ 0.02153822  0.04790274 -0.01703031 ... -0.01622754  0.05634246
  0.02175766]"
