2019_oct_03_221	QO	vclaim-pol-04675	1	91.30434782608695	SimBa
2019_oct_03_221	QO	vclaim-pol-05618	1	86.79245283018868	SimBa
2019_oct_03_221	QO	vclaim-pol-16305	1	72.41379310344827	SimBa
2019_oct_03_221	QO	vclaim-pol-04098	1	71.1864406779661	SimBa
2019_oct_03_221	QO	vclaim-pol-00216	1	68.85245901639344	SimBa
2019_nov_21_235	QO	vclaim-pol-16814	1	123.07692307692308	SimBa
2019_nov_21_235	QO	vclaim-pol-15744	1	50.00000000000001	SimBa
2019_nov_21_235	QO	vclaim-pol-17456	1	46.15384615384616	SimBa
2019_nov_21_235	QO	vclaim-pol-06565	1	45.0	SimBa
2019_nov_21_235	QO	vclaim-pol-07056	1	44.44444444444444	SimBa
2019_nov_21_614	QO	vclaim-pol-16741	1	93.75	SimBa
2019_nov_21_614	QO	vclaim-pol-06062	1	90.9090909090909	SimBa
2019_nov_21_614	QO	vclaim-pol-17182	1	81.57894736842105	SimBa
2019_nov_21_614	QO	vclaim-pol-10638	1	81.08108108108108	SimBa
2019_nov_21_614	QO	vclaim-pol-11317	1	79.36507936507937	SimBa
2019_nov_21_615	QO	vclaim-pol-03120	1	44.943820224719104	SimBa
2019_nov_21_615	QO	vclaim-pol-04201	1	44.18604651162791	SimBa
2019_nov_21_615	QO	vclaim-pol-03244	1	43.47826086956522	SimBa
2019_nov_21_615	QO	vclaim-pol-09838	1	41.46341463414634	SimBa
2019_nov_21_615	QO	vclaim-pol-05311	1	40.50632911392405	SimBa
2019_nov_21_616	QO	vclaim-pol-16073	1	52.17391304347826	SimBa
2019_nov_21_616	QO	vclaim-pol-17686	1	46.15384615384615	SimBa
2019_nov_21_616	QO	vclaim-pol-08768	1	42.30769230769231	SimBa
2019_nov_21_616	QO	vclaim-pol-15095	1	40.0	SimBa
2019_nov_21_616	QO	vclaim-pol-16152	1	40.0	SimBa
2019_oct_16_276	QO	vclaim-pol-00057	1	184.61538461538464	SimBa
2019_oct_16_276	QO	vclaim-pol-06681	1	37.5	SimBa
2019_oct_16_276	QO	vclaim-pol-03386	1	37.2093023255814	SimBa
2019_oct_16_276	QO	vclaim-pol-07144	1	33.9622641509434	SimBa
2019_oct_16_276	QO	vclaim-pol-16234	1	33.89830508474576	SimBa
2019_oct_16_299	QO	vclaim-pol-00056	1	112.60504201680672	SimBa
2019_oct_16_299	QO	vclaim-pol-17153	1	75.0	SimBa
2019_oct_16_299	QO	vclaim-pol-03259	1	73.28244274809161	SimBa
2019_oct_16_299	QO	vclaim-pol-03584	1	71.83098591549296	SimBa
2019_oct_16_299	QO	vclaim-pol-03754	1	70.83333333333333	SimBa
2019_oct_16_94	QO	vclaim-pol-00055	1	190.0	SimBa
2019_oct_16_94	QO	vclaim-pol-15395	1	90.56603773584905	SimBa
2019_oct_16_94	QO	vclaim-pol-05065	1	81.63265306122449	SimBa
2019_oct_16_94	QO	vclaim-pol-14378	1	80.85106382978724	SimBa
2019_oct_16_94	QO	vclaim-pol-14281	1	80.85106382978724	SimBa
2019_oct_16_613	QO	vclaim-pol-07042	1	83.11688311688312	SimBa
2019_oct_16_613	QO	vclaim-pol-15673	1	78.48101265822785	SimBa
2019_oct_16_613	QO	vclaim-pol-03847	1	74.4186046511628	SimBa
2019_oct_16_613	QO	vclaim-pol-05099	1	74.15730337078652	SimBa
2019_oct_16_613	QO	vclaim-pol-15045	1	70.32967032967034	SimBa
2019_oct_16_614	QO	vclaim-pol-06456	1	45.283018867924525	SimBa
2019_oct_16_614	QO	vclaim-pol-17571	1	40.74074074074074	SimBa
2019_oct_16_614	QO	vclaim-pol-17735	1	40.0	SimBa
2019_oct_16_614	QO	vclaim-pol-08808	1	39.2156862745098	SimBa
2019_oct_16_614	QO	vclaim-pol-16396	1	36.36363636363637	SimBa
2019_oct_16_497	QO	vclaim-pol-00550	1	87.5	SimBa
2019_oct_16_497	QO	vclaim-pol-15362	1	75.47169811320755	SimBa
2019_oct_16_497	QO	vclaim-pol-05555	1	74.54545454545455	SimBa
2019_oct_16_497	QO	vclaim-pol-11675	1	74.46808510638297	SimBa
2019_oct_16_497	QO	vclaim-pol-17855	1	73.39449541284404	SimBa
2019_oct_16_498	QO	vclaim-pol-05423	1	144.0	SimBa
2019_oct_16_498	QO	vclaim-pol-05278	1	144.0	SimBa
2019_oct_16_498	QO	vclaim-pol-00049	1	137.9310344827586	SimBa
2019_oct_16_498	QO	vclaim-pol-14746	1	110.34482758620689	SimBa
2019_oct_16_498	QO	vclaim-pol-13649	1	84.61538461538461	SimBa
2019_oct_16_243	QO	vclaim-pol-03038	1	87.5	SimBa
2019_oct_16_243	QO	vclaim-pol-10697	1	75.38461538461539	SimBa
2019_oct_16_243	QO	vclaim-pol-10150	1	73.17073170731707	SimBa
2019_oct_16_243	QO	vclaim-pol-06542	1	73.01587301587301	SimBa
2019_oct_16_243	QO	vclaim-pol-16316	1	71.66666666666667	SimBa
2020_feb_08_191	QO	vclaim-pol-16718	1	101.96078431372548	SimBa
2020_feb_08_191	QO	vclaim-pol-11988	1	46.3768115942029	SimBa
2020_feb_08_191	QO	vclaim-pol-17959	1	44.06779661016949	SimBa
2020_feb_08_191	QO	vclaim-pol-17937	1	44.06779661016949	SimBa
2020_feb_08_191	QO	vclaim-pol-01780	1	42.666666666666664	SimBa
2020_feb_08_198	QO	vclaim-pol-08710	1	90.32258064516128	SimBa
2020_feb_08_198	QO	vclaim-pol-08872	1	86.48648648648648	SimBa
2020_feb_08_198	QO	vclaim-pol-09813	1	84.84848484848484	SimBa
2020_feb_08_198	QO	vclaim-pol-07797	1	83.72093023255815	SimBa
2020_feb_08_198	QO	vclaim-pol-08829	1	78.04878048780488	SimBa
2020_feb_08_199	QO	vclaim-pol-02802	1	50.0	SimBa
2020_feb_08_199	QO	vclaim-pol-15525	1	46.2962962962963	SimBa
2020_feb_08_199	QO	vclaim-pol-05558	1	44.943820224719104	SimBa
2020_feb_08_199	QO	vclaim-pol-08621	1	42.69662921348315	SimBa
2020_feb_08_199	QO	vclaim-pol-17655	1	41.75824175824176	SimBa
2020_feb_08_159	QO	vclaim-pol-17581	1	105.45454545454545	SimBa
2020_feb_08_159	QO	vclaim-pol-18902	1	97.9591836734694	SimBa
2020_feb_08_159	QO	vclaim-pol-02486	1	92.3076923076923	SimBa
2020_feb_08_159	QO	vclaim-pol-13889	1	87.5	SimBa
2020_feb_08_159	QO	vclaim-pol-11295	1	85.18518518518519	SimBa
2020_feb_08_258	QO	vclaim-pol-13083	1	113.88888888888889	SimBa
2020_feb_08_258	QO	vclaim-pol-16863	1	112.35955056179776	SimBa
2020_feb_08_258	QO	vclaim-pol-05445	1	106.02409638554218	SimBa
2020_feb_08_258	QO	vclaim-pol-10108	1	101.33333333333333	SimBa
2020_feb_08_258	QO	vclaim-pol-12143	1	97.77777777777779	SimBa
2020_feb_08_739	QO	vclaim-pol-05526	1	105.88235294117648	SimBa
2020_feb_08_739	QO	vclaim-pol-16495	1	90.0	SimBa
2020_feb_08_739	QO	vclaim-pol-11570	1	66.66666666666667	SimBa
2020_feb_08_739	QO	vclaim-pol-05964	1	64.28571428571429	SimBa
2020_feb_08_739	QO	vclaim-pol-11630	1	63.63636363636364	SimBa
2020_feb_08_483	QO	vclaim-pol-00960	1	61.53846153846155	SimBa
2020_feb_08_483	QO	vclaim-pol-15104	1	60.526315789473685	SimBa
2020_feb_08_483	QO	vclaim-pol-06722	1	50.0	SimBa
2020_feb_08_483	QO	vclaim-pol-06740	1	49.23076923076923	SimBa
2020_feb_08_483	QO	vclaim-pol-06786	1	49.23076923076923	SimBa
2020_feb_20_285	QO	vclaim-pol-17425	1	137.03703703703704	SimBa
2020_feb_20_285	QO	vclaim-pol-15139	1	81.35593220338983	SimBa
2020_feb_20_285	QO	vclaim-pol-14382	1	64.1025641025641	SimBa
2020_feb_20_285	QO	vclaim-pol-05209	1	60.75949367088608	SimBa
2020_feb_20_285	QO	vclaim-pol-18173	1	60.0	SimBa
2020_feb_20_117	QO	vclaim-pol-16459	1	60.81081081081081	SimBa
2020_feb_20_117	QO	vclaim-pol-12197	1	57.14285714285714	SimBa
2020_feb_20_117	QO	vclaim-pol-17821	1	53.16455696202532	SimBa
2020_feb_20_117	QO	vclaim-pol-13262	1	51.798561151079134	SimBa
2020_feb_20_117	QO	vclaim-pol-04278	1	51.09489051094891	SimBa
2020_feb_20_365	QO	vclaim-pol-17429	1	191.48936170212767	SimBa
2020_feb_20_365	QO	vclaim-pol-06228	1	73.46938775510205	SimBa
2020_feb_20_365	QO	vclaim-pol-07349	1	72.0	SimBa
2020_feb_20_365	QO	vclaim-pol-05564	1	72.0	SimBa
2020_feb_20_365	QO	vclaim-pol-15338	1	69.23076923076923	SimBa
2020_feb_20_29	QO	vclaim-pol-16660	1	82.05128205128206	SimBa
2020_feb_20_29	QO	vclaim-pol-02947	1	81.70731707317073	SimBa
2020_feb_20_29	QO	vclaim-pol-16851	1	79.76190476190476	SimBa
2020_feb_20_29	QO	vclaim-pol-17191	1	79.06976744186046	SimBa
2020_feb_20_29	QO	vclaim-pol-18848	1	79.03225806451613	SimBa
2020_feb_20_266	QO	vclaim-pol-17581	1	107.4074074074074	SimBa
2020_feb_20_266	QO	vclaim-pol-18902	1	106.38297872340425	SimBa
2020_feb_20_266	QO	vclaim-pol-02486	1	93.75	SimBa
2020_feb_20_266	QO	vclaim-pol-13933	1	89.23076923076924	SimBa
2020_feb_20_266	QO	vclaim-pol-13889	1	88.60759493670886	SimBa
2020_feb_20_268	QO	vclaim-pol-05430	1	57.142857142857146	SimBa
2020_feb_20_268	QO	vclaim-pol-12686	1	53.333333333333336	SimBa
2020_feb_20_268	QO	vclaim-pol-16098	1	53.333333333333336	SimBa
2020_feb_20_268	QO	vclaim-pol-14356	1	53.333333333333336	SimBa
2020_feb_20_268	QO	vclaim-pol-12642	1	52.631578947368425	SimBa
2019_nov_22_246	QO	vclaim-pol-11213	1	114.81481481481481	SimBa
2019_nov_22_246	QO	vclaim-pol-03649	1	100.0	SimBa
2019_nov_22_246	QO	vclaim-pol-06948	1	97.67441860465117	SimBa
2019_nov_22_246	QO	vclaim-pol-05747	1	97.5609756097561	SimBa
2019_nov_22_246	QO	vclaim-pol-18902	1	95.45454545454547	SimBa
2019_nov_22_247	QO	vclaim-pol-05747	1	142.85714285714286	SimBa
2019_nov_22_247	QO	vclaim-pol-06948	1	140.0	SimBa
2019_nov_22_247	QO	vclaim-pol-07491	1	135.48387096774192	SimBa
2019_nov_22_247	QO	vclaim-pol-18902	1	135.48387096774192	SimBa
2019_nov_22_247	QO	vclaim-pol-07591	1	133.33333333333334	SimBa
2019_nov_22_248	QO	vclaim-pol-11213	1	114.81481481481481	SimBa
2019_nov_22_248	QO	vclaim-pol-03649	1	100.0	SimBa
2019_nov_22_248	QO	vclaim-pol-06948	1	97.67441860465117	SimBa
2019_nov_22_248	QO	vclaim-pol-05747	1	97.5609756097561	SimBa
2019_nov_22_248	QO	vclaim-pol-18902	1	95.45454545454547	SimBa
2019_nov_22_249	QO	vclaim-pol-06018	1	94.73684210526316	SimBa
2019_nov_22_249	QO	vclaim-pol-17864	1	90.0	SimBa
2019_nov_22_249	QO	vclaim-pol-06841	1	69.23076923076923	SimBa
2019_nov_22_249	QO	vclaim-pol-15750	1	66.66666666666667	SimBa
2019_nov_22_249	QO	vclaim-pol-07717	1	66.66666666666667	SimBa
2019_nov_22_621	QO	vclaim-pol-02443	1	88.52459016393443	SimBa
2019_nov_22_621	QO	vclaim-pol-06948	1	86.27450980392156	SimBa
2019_nov_22_621	QO	vclaim-pol-03255	1	85.24590163934427	SimBa
2019_nov_22_621	QO	vclaim-pol-14338	1	80.59701492537314	SimBa
2019_nov_22_621	QO	vclaim-pol-05747	1	80.0	SimBa
2019_nov_22_136	QO	vclaim-pol-15763	1	88.88888888888889	SimBa
2019_nov_22_136	QO	vclaim-pol-08721	1	86.15384615384616	SimBa
2019_nov_22_136	QO	vclaim-pol-08186	1	80.76923076923077	SimBa
2019_nov_22_136	QO	vclaim-pol-18518	1	78.68852459016394	SimBa
2019_nov_22_136	QO	vclaim-pol-04480	1	78.68852459016394	SimBa
2019_nov_22_137	QO	vclaim-pol-15831	1	66.66666666666666	SimBa
2019_nov_22_137	QO	vclaim-pol-05168	1	62.5	SimBa
2019_nov_22_137	QO	vclaim-pol-15569	1	52.631578947368425	SimBa
2019_nov_22_137	QO	vclaim-pol-02435	1	47.61904761904762	SimBa
2019_nov_22_137	QO	vclaim-pol-18637	1	47.61904761904762	SimBa
2019_nov_22_138	QO	vclaim-pol-13954	1	61.53846153846154	SimBa
2019_nov_22_138	QO	vclaim-pol-15831	1	60.0	SimBa
2019_nov_22_138	QO	vclaim-pol-05168	1	55.55555555555556	SimBa
2019_nov_22_138	QO	vclaim-pol-15569	1	47.61904761904762	SimBa
2019_nov_22_138	QO	vclaim-pol-14879	1	43.47826086956522	SimBa
2019_nov_22_412	QO	vclaim-pol-05063	1	54.05405405405405	SimBa
2019_nov_22_412	QO	vclaim-pol-03951	1	53.06122448979592	SimBa
2019_nov_22_412	QO	vclaim-pol-00611	1	52.38095238095238	SimBa
2019_nov_22_412	QO	vclaim-pol-02182	1	50.847457627118644	SimBa
2019_nov_22_412	QO	vclaim-pol-05552	1	48.275862068965516	SimBa
2019_nov_22_417	QO	vclaim-pol-10067	1	69.23076923076923	SimBa
2019_nov_22_417	QO	vclaim-pol-00048	1	66.66666666666666	SimBa
2019_nov_22_417	QO	vclaim-pol-01007	1	66.66666666666666	SimBa
2019_nov_22_417	QO	vclaim-pol-04976	1	66.66666666666666	SimBa
2019_nov_22_417	QO	vclaim-pol-10971	1	65.0	SimBa
2019_nov_22_338	QO	vclaim-pol-18677	1	110.71428571428572	SimBa
2019_nov_22_338	QO	vclaim-pol-19152	1	100.0	SimBa
2019_nov_22_338	QO	vclaim-pol-02295	1	100.0	SimBa
2019_nov_22_338	QO	vclaim-pol-00993	1	98.4126984126984	SimBa
2019_nov_22_338	QO	vclaim-pol-00411	1	98.24561403508771	SimBa
2019_nov_22_339	QO	vclaim-pol-06431	1	66.66666666666667	SimBa
2019_nov_22_339	QO	vclaim-pol-07342	1	62.5	SimBa
2019_nov_22_339	QO	vclaim-pol-13754	1	55.55555555555556	SimBa
2019_nov_22_339	QO	vclaim-pol-15897	1	55.55555555555556	SimBa
2019_nov_22_339	QO	vclaim-pol-11740	1	52.631578947368425	SimBa
2019_nov_22_239	QO	vclaim-pol-18754	1	63.63636363636364	SimBa
2019_nov_22_239	QO	vclaim-pol-06109	1	60.8695652173913	SimBa
2019_nov_22_239	QO	vclaim-pol-04934	1	53.84615384615385	SimBa
2019_nov_22_239	QO	vclaim-pol-03943	1	53.84615384615385	SimBa
2019_nov_22_239	QO	vclaim-pol-06986	1	51.61290322580645	SimBa
2019_nov_22_240	QO	vclaim-pol-18754	1	73.6842105263158	SimBa
2019_nov_22_240	QO	vclaim-pol-03943	1	72.72727272727273	SimBa
2019_nov_22_240	QO	vclaim-pol-06109	1	70.0	SimBa
2019_nov_22_240	QO	vclaim-pol-04934	1	60.8695652173913	SimBa
2019_nov_22_240	QO	vclaim-pol-01478	1	57.142857142857146	SimBa
2019_nov_22_234	QO	vclaim-pol-15883	1	78.26086956521739	SimBa
2019_nov_22_234	QO	vclaim-pol-10060	1	60.0	SimBa
2019_nov_22_234	QO	vclaim-pol-02385	1	54.54545454545455	SimBa
2019_nov_22_234	QO	vclaim-pol-07537	1	52.631578947368425	SimBa
2019_nov_22_234	QO	vclaim-pol-00326	1	47.05882352941177	SimBa
2019_nov_22_250	QO	vclaim-pol-15805	1	95.65217391304348	SimBa
2019_nov_22_250	QO	vclaim-pol-15433	1	89.15662650602411	SimBa
2019_nov_22_250	QO	vclaim-pol-15763	1	79.41176470588236	SimBa
2019_nov_22_250	QO	vclaim-pol-10576	1	78.16091954022988	SimBa
2019_nov_22_250	QO	vclaim-pol-09547	1	69.56521739130434	SimBa
2020_jan_15_441	QO	vclaim-pol-17583	1	77.55102040816327	SimBa
2020_jan_15_441	QO	vclaim-pol-05063	1	75.0	SimBa
2020_jan_15_441	QO	vclaim-pol-15103	1	56.60377358490566	SimBa
2020_jan_15_441	QO	vclaim-pol-09534	1	56.0	SimBa
2020_jan_15_441	QO	vclaim-pol-07582	1	51.851851851851855	SimBa
2020_jan_15_442	QO	vclaim-pol-17262	1	96.0	SimBa
2020_jan_15_442	QO	vclaim-pol-10353	1	92.85714285714286	SimBa
2020_jan_15_442	QO	vclaim-pol-19057	1	88.88888888888889	SimBa
2020_jan_15_442	QO	vclaim-pol-14125	1	85.71428571428572	SimBa
2020_jan_15_442	QO	vclaim-pol-07170	1	85.71428571428572	SimBa
2020_jan_15_443	QO	vclaim-pol-17583	1	73.46938775510205	SimBa
2020_jan_15_443	QO	vclaim-pol-07010	1	51.42857142857143	SimBa
2020_jan_15_443	QO	vclaim-pol-08014	1	48.484848484848484	SimBa
2020_jan_15_443	QO	vclaim-pol-05533	1	46.15384615384615	SimBa
2020_jan_15_443	QO	vclaim-pol-02241	1	45.45454545454546	SimBa
2020_jan_15_636	QO	vclaim-pol-17581	1	66.01941747572816	SimBa
2020_jan_15_636	QO	vclaim-pol-12855	1	59.09090909090909	SimBa
2020_jan_15_636	QO	vclaim-pol-09498	1	57.85123966942149	SimBa
2020_jan_15_636	QO	vclaim-pol-05320	1	57.407407407407405	SimBa
2020_jan_15_636	QO	vclaim-pol-12764	1	55.38461538461539	SimBa
2020_jan_15_11	QO	vclaim-pol-16706	1	74.4186046511628	SimBa
2020_jan_15_11	QO	vclaim-pol-17191	1	70.76923076923077	SimBa
2020_jan_15_11	QO	vclaim-pol-05445	1	69.76744186046513	SimBa
2020_jan_15_11	QO	vclaim-pol-13083	1	68.90756302521008	SimBa
2020_jan_15_11	QO	vclaim-pol-08057	1	68.75	SimBa
2020_jan_15_12	QO	vclaim-pol-06403	1	72.72727272727273	SimBa
2020_jan_15_12	QO	vclaim-pol-15875	1	40.0	SimBa
2020_jan_15_12	QO	vclaim-pol-10331	1	36.36363636363637	SimBa
2020_jan_15_12	QO	vclaim-pol-07793	1	30.0	SimBa
2020_jan_15_12	QO	vclaim-pol-14631	1	28.571428571428573	SimBa
2020_jan_15_1075	QO	vclaim-pol-00659	1	81.0126582278481	SimBa
2020_jan_15_1075	QO	vclaim-pol-18079	1	61.36363636363637	SimBa
2020_jan_15_1075	QO	vclaim-pol-18323	1	60.75949367088608	SimBa
2020_jan_15_1075	QO	vclaim-pol-09505	1	55.55555555555556	SimBa
2020_jan_15_1075	QO	vclaim-pol-16949	1	54.54545454545455	SimBa
2020_mar_16_552	QO	vclaim-pol-01723	1	91.35802469135803	SimBa
2020_mar_16_552	QO	vclaim-pol-14397	1	90.66666666666666	SimBa
2020_mar_16_552	QO	vclaim-pol-01951	1	90.14084507042253	SimBa
2020_mar_16_552	QO	vclaim-pol-04353	1	86.15384615384616	SimBa
2020_mar_16_552	QO	vclaim-pol-04312	1	86.11111111111111	SimBa
2020_mar_16_858	QO	vclaim-pol-10971	1	42.10526315789473	SimBa
2020_mar_16_858	QO	vclaim-pol-03117	1	41.93548387096774	SimBa
2020_mar_16_858	QO	vclaim-pol-08692	1	41.666666666666664	SimBa
2020_mar_16_858	QO	vclaim-pol-00048	1	41.509433962264154	SimBa
2020_mar_16_858	QO	vclaim-pol-04976	1	41.509433962264154	SimBa
2020_mar_16_859	QO	vclaim-pol-01754	1	50.0	SimBa
2020_mar_16_859	QO	vclaim-pol-16324	1	50.0	SimBa
2020_mar_16_859	QO	vclaim-pol-11889	1	47.05882352941177	SimBa
2020_mar_16_859	QO	vclaim-pol-00460	1	42.85714285714286	SimBa
2020_mar_16_859	QO	vclaim-pol-01560	1	40.0	SimBa
2020_mar_16_385	QO	vclaim-pol-00017	1	84.05797101449275	SimBa
2020_mar_16_385	QO	vclaim-pol-12355	1	78.37837837837837	SimBa
2020_mar_16_385	QO	vclaim-pol-07300	1	56.71641791044777	SimBa
2020_mar_16_385	QO	vclaim-pol-13376	1	51.35135135135135	SimBa
2020_mar_16_385	QO	vclaim-pol-07985	1	50.60240963855422	SimBa
2020_mar_16_672	QO	vclaim-pol-14640	1	152.0	SimBa
2020_mar_16_672	QO	vclaim-pol-14664	1	137.9310344827586	SimBa
2020_mar_16_672	QO	vclaim-pol-14412	1	126.66666666666667	SimBa
2020_mar_16_672	QO	vclaim-pol-14568	1	122.58064516129032	SimBa
2020_mar_16_672	QO	vclaim-pol-08186	1	118.75	SimBa
2020_mar_16_674	QO	vclaim-pol-04253	1	117.64705882352942	SimBa
2020_mar_16_674	QO	vclaim-pol-18020	1	86.95652173913044	SimBa
2020_mar_16_674	QO	vclaim-pol-03082	1	84.21052631578948	SimBa
2020_mar_16_674	QO	vclaim-pol-03822	1	80.0	SimBa
2020_mar_16_674	QO	vclaim-pol-15006	1	76.92307692307692	SimBa
2020_mar_16_675	QO	vclaim-pol-14640	1	152.0	SimBa
2020_mar_16_675	QO	vclaim-pol-14568	1	144.82758620689654	SimBa
2020_mar_16_675	QO	vclaim-pol-18103	1	135.48387096774192	SimBa
2020_mar_16_675	QO	vclaim-pol-18592	1	131.25	SimBa
2020_mar_16_675	QO	vclaim-pol-07110	1	131.25	SimBa
2020_mar_06_60	QO	vclaim-pol-07351	1	72.91666666666667	SimBa
2020_mar_06_60	QO	vclaim-pol-18341	1	47.27272727272727	SimBa
2020_mar_06_60	QO	vclaim-pol-14564	1	46.66666666666667	SimBa
2020_mar_06_60	QO	vclaim-pol-10643	1	46.315789473684205	SimBa
2020_mar_06_60	QO	vclaim-pol-03471	1	45.87155963302752	SimBa
2020_mar_06_390	QO	vclaim-pol-05063	1	55.55555555555556	SimBa
2020_mar_06_390	QO	vclaim-pol-03474	1	51.06382978723404	SimBa
2020_mar_06_390	QO	vclaim-pol-03471	1	50.70422535211267	SimBa
2020_mar_06_390	QO	vclaim-pol-03951	1	48.9795918367347	SimBa
2020_mar_06_390	QO	vclaim-pol-04800	1	48.648648648648646	SimBa
2020_mar_06_391	QO	vclaim-pol-13083	1	98.87640449438203	SimBa
2020_mar_06_391	QO	vclaim-pol-12143	1	93.33333333333333	SimBa
2020_mar_06_391	QO	vclaim-pol-16706	1	91.2621359223301	SimBa
2020_mar_06_391	QO	vclaim-pol-07216	1	90.0	SimBa
2020_mar_06_391	QO	vclaim-pol-17191	1	89.32038834951456	SimBa
2020_mar_06_400	QO	vclaim-pol-14921	1	122.72727272727273	SimBa
2020_mar_06_400	QO	vclaim-pol-05139	1	121.7391304347826	SimBa
2020_mar_06_400	QO	vclaim-pol-04573	1	119.04761904761905	SimBa
2020_mar_06_400	QO	vclaim-pol-03153	1	114.8936170212766	SimBa
2020_mar_06_400	QO	vclaim-pol-16367	1	110.20408163265306	SimBa
2020_mar_06_441	QO	vclaim-pol-07234	1	103.57142857142858	SimBa
2020_mar_06_441	QO	vclaim-pol-18025	1	101.69491525423729	SimBa
2020_mar_06_441	QO	vclaim-pol-01627	1	98.63013698630137	SimBa
2020_mar_06_441	QO	vclaim-pol-01715	1	97.87234042553192	SimBa
2020_mar_06_441	QO	vclaim-pol-08080	1	96.77419354838709	SimBa
2020_mar_06_442	QO	vclaim-pol-04639	1	56.0	SimBa
2020_mar_06_442	QO	vclaim-pol-05641	1	53.84615384615385	SimBa
2020_mar_06_442	QO	vclaim-pol-09127	1	53.333333333333336	SimBa
2020_mar_06_442	QO	vclaim-pol-15191	1	50.0	SimBa
2020_mar_06_442	QO	vclaim-pol-02421	1	50.0	SimBa
2020_mar_06_297	QO	vclaim-pol-16437	1	77.14285714285714	SimBa
2020_mar_06_297	QO	vclaim-pol-06483	1	75.32467532467533	SimBa
2020_mar_06_297	QO	vclaim-pol-05087	1	75.0	SimBa
2020_mar_06_297	QO	vclaim-pol-12357	1	74.6987951807229	SimBa
2020_mar_06_297	QO	vclaim-pol-10940	1	72.72727272727272	SimBa
2020_mar_06_661	QO	vclaim-pol-14278	1	96.55172413793103	SimBa
2020_mar_06_661	QO	vclaim-pol-09788	1	83.87096774193547	SimBa
2020_mar_06_661	QO	vclaim-pol-02165	1	81.48148148148148	SimBa
2020_mar_06_661	QO	vclaim-pol-09901	1	78.78787878787878	SimBa
2020_mar_06_661	QO	vclaim-pol-15067	1	75.0	SimBa
2020_mar_06_662	QO	vclaim-pol-16620	1	80.0	SimBa
2020_mar_06_662	QO	vclaim-pol-09054	1	80.0	SimBa
2020_mar_06_662	QO	vclaim-pol-12383	1	80.0	SimBa
2020_mar_06_662	QO	vclaim-pol-01658	1	80.0	SimBa
2020_mar_06_662	QO	vclaim-pol-03733	1	66.66666666666667	SimBa
2020_mar_06_663	QO	vclaim-pol-14212	1	88.88888888888889	SimBa
2020_mar_06_663	QO	vclaim-pol-10474	1	83.33333333333334	SimBa
2020_mar_06_663	QO	vclaim-pol-05173	1	77.41935483870967	SimBa
2020_mar_06_663	QO	vclaim-pol-13694	1	76.92307692307692	SimBa
2020_mar_06_663	QO	vclaim-pol-00728	1	75.0	SimBa
2020_mar_06_664	QO	vclaim-pol-01757	1	129.03225806451613	SimBa
2020_mar_06_664	QO	vclaim-pol-05538	1	120.0	SimBa
2020_mar_06_664	QO	vclaim-pol-04355	1	105.88235294117648	SimBa
2020_mar_06_664	QO	vclaim-pol-08969	1	100.0	SimBa
2020_mar_06_664	QO	vclaim-pol-00456	1	97.29729729729729	SimBa
2020_mar_06_665	QO	vclaim-pol-15115	1	80.0	SimBa
2020_mar_06_665	QO	vclaim-pol-18783	1	43.47826086956522	SimBa
2020_mar_06_665	QO	vclaim-pol-17256	1	40.0	SimBa
2020_mar_06_665	QO	vclaim-pol-14912	1	36.36363636363637	SimBa
2020_mar_06_665	QO	vclaim-pol-15503	1	34.48275862068965	SimBa
2020_mar_06_667	QO	vclaim-pol-15879	1	118.51851851851852	SimBa
2020_mar_06_667	QO	vclaim-pol-14188	1	80.0	SimBa
2020_mar_06_667	QO	vclaim-pol-16035	1	75.0	SimBa
2020_mar_06_667	QO	vclaim-pol-02632	1	71.42857142857143	SimBa
2020_mar_06_667	QO	vclaim-pol-16120	1	66.66666666666667	SimBa
2020_mar_06_668	QO	vclaim-pol-16056	1	70.0	SimBa
2020_mar_06_668	QO	vclaim-pol-15418	1	66.66666666666667	SimBa
2020_mar_06_668	QO	vclaim-pol-07317	1	66.66666666666667	SimBa
2020_mar_06_668	QO	vclaim-pol-13116	1	66.66666666666667	SimBa
2020_mar_06_668	QO	vclaim-pol-17751	1	64.0	SimBa
2020_sep_16_70	QO	vclaim-pol-19111	1	66.66666666666667	SimBa
2020_sep_16_70	QO	vclaim-pol-00533	1	62.745098039215684	SimBa
2020_sep_16_70	QO	vclaim-pol-07423	1	61.53846153846154	SimBa
2020_sep_16_70	QO	vclaim-pol-01286	1	60.60606060606061	SimBa
2020_sep_16_70	QO	vclaim-pol-09777	1	60.0	SimBa
2020_sep_16_80	QO	vclaim-pol-17982	1	94.11764705882354	SimBa
2020_sep_16_80	QO	vclaim-pol-05055	1	85.71428571428572	SimBa
2020_sep_16_80	QO	vclaim-pol-17941	1	85.0	SimBa
2020_sep_16_80	QO	vclaim-pol-18179	1	81.48148148148148	SimBa
2020_sep_16_80	QO	vclaim-pol-10357	1	78.78787878787878	SimBa
2020_sep_16_81	QO	vclaim-pol-18179	1	104.76190476190476	SimBa
2020_sep_16_81	QO	vclaim-pol-05055	1	95.65217391304347	SimBa
2020_sep_16_81	QO	vclaim-pol-12608	1	91.66666666666667	SimBa
2020_sep_16_81	QO	vclaim-pol-07892	1	88.0	SimBa
2020_sep_16_81	QO	vclaim-pol-01428	1	88.0	SimBa
2020_sep_16_116	QO	vclaim-pol-19188	1	68.29268292682927	SimBa
2020_sep_16_116	QO	vclaim-pol-18155	1	68.29268292682927	SimBa
2020_sep_16_116	QO	vclaim-pol-04196	1	66.66666666666666	SimBa
2020_sep_16_116	QO	vclaim-pol-18881	1	64.0	SimBa
2020_sep_16_116	QO	vclaim-pol-01487	1	63.63636363636364	SimBa
2020_sep_16_117	QO	vclaim-pol-14606	1	109.0909090909091	SimBa
2020_sep_16_117	QO	vclaim-pol-16256	1	106.66666666666667	SimBa
2020_sep_16_117	QO	vclaim-pol-15190	1	104.16666666666667	SimBa
2020_sep_16_117	QO	vclaim-pol-01715	1	102.22222222222223	SimBa
2020_sep_16_117	QO	vclaim-pol-03327	1	102.12765957446808	SimBa
2020_sep_16_216	QO	vclaim-pol-17857	1	56.0	SimBa
2020_sep_16_216	QO	vclaim-pol-02035	1	54.54545454545455	SimBa
2020_sep_16_216	QO	vclaim-pol-17012	1	53.846153846153854	SimBa
2020_sep_16_216	QO	vclaim-pol-13358	1	52.631578947368425	SimBa
2020_sep_16_216	QO	vclaim-pol-09371	1	51.35135135135135	SimBa
2020_sep_16_54	QO	vclaim-pol-01715	1	89.79591836734694	SimBa
2020_sep_16_54	QO	vclaim-pol-14606	1	89.79591836734694	SimBa
2020_sep_16_54	QO	vclaim-pol-01385	1	89.79591836734694	SimBa
2020_sep_16_54	QO	vclaim-pol-15998	1	88.0	SimBa
2020_sep_16_54	QO	vclaim-pol-16256	1	88.0	SimBa
2020_sep_16_493	QO	vclaim-pol-18093	1	88.52459016393443	SimBa
2020_sep_16_493	QO	vclaim-pol-10387	1	87.5	SimBa
2020_sep_16_493	QO	vclaim-pol-14118	1	86.56716417910448	SimBa
2020_sep_16_493	QO	vclaim-pol-10032	1	83.58208955223881	SimBa
2020_sep_16_493	QO	vclaim-pol-04234	1	81.15942028985508	SimBa
2020_sep_16_617	QO	vclaim-pol-02934	1	60.0	SimBa
2020_sep_16_617	QO	vclaim-pol-02211	1	59.09090909090909	SimBa
2020_sep_16_617	QO	vclaim-pol-09186	1	55.865921787709496	SimBa
2020_sep_16_617	QO	vclaim-pol-04522	1	53.42465753424657	SimBa
2020_sep_16_617	QO	vclaim-pol-00374	1	52.17391304347826	SimBa
